type,test_file,hash_test_creation,test_creation_time,impl_file,hash_impl_creation,impl_creation_time
same,TestCoveredColumns.java,50d523f6e7e3ba530128a86f0ad4b68b151213c8,2014-01-27 14:14:21-08:00,CoveredColumns.java,50d523f6e7e3ba530128a86f0ad4b68b151213c8,2014-01-27 14:14:21-08:00
same,TestLocalTableState.java,50d523f6e7e3ba530128a86f0ad4b68b151213c8,2014-01-27 14:14:21-08:00,LocalTableState.java,50d523f6e7e3ba530128a86f0ad4b68b151213c8,2014-01-27 14:14:21-08:00
same,TestIndexMemStore.java,50d523f6e7e3ba530128a86f0ad4b68b151213c8,2014-01-27 14:14:21-08:00,IndexMemStore.java,50d523f6e7e3ba530128a86f0ad4b68b151213c8,2014-01-27 14:14:21-08:00
same,TestColumnTracker.java,50d523f6e7e3ba530128a86f0ad4b68b151213c8,2014-01-27 14:14:21-08:00,ColumnTracker.java,50d523f6e7e3ba530128a86f0ad4b68b151213c8,2014-01-27 14:14:21-08:00
same,TestCoveredColumnIndexCodec.java,50d523f6e7e3ba530128a86f0ad4b68b151213c8,2014-01-27 14:14:21-08:00,CoveredColumnIndexCodec.java,50d523f6e7e3ba530128a86f0ad4b68b151213c8,2014-01-27 14:14:21-08:00
same,TestApplyAndFilterDeletesFilter.java,50d523f6e7e3ba530128a86f0ad4b68b151213c8,2014-01-27 14:14:21-08:00,ApplyAndFilterDeletesFilter.java,50d523f6e7e3ba530128a86f0ad4b68b151213c8,2014-01-27 14:14:21-08:00
same,TestFamilyOnlyFilter.java,50d523f6e7e3ba530128a86f0ad4b68b151213c8,2014-01-27 14:14:21-08:00,FamilyOnlyFilter.java,50d523f6e7e3ba530128a86f0ad4b68b151213c8,2014-01-27 14:14:21-08:00
same,TestNewerTimestampFilter.java,50d523f6e7e3ba530128a86f0ad4b68b151213c8,2014-01-27 14:14:21-08:00,NewerTimestampFilter.java,50d523f6e7e3ba530128a86f0ad4b68b151213c8,2014-01-27 14:14:21-08:00
same,TestIndexUpdateManager.java,50d523f6e7e3ba530128a86f0ad4b68b151213c8,2014-01-27 14:14:21-08:00,IndexUpdateManager.java,50d523f6e7e3ba530128a86f0ad4b68b151213c8,2014-01-27 14:14:21-08:00
same,TestThreadPoolBuilder.java,50d523f6e7e3ba530128a86f0ad4b68b151213c8,2014-01-27 14:14:21-08:00,ThreadPoolBuilder.java,50d523f6e7e3ba530128a86f0ad4b68b151213c8,2014-01-27 14:14:21-08:00
same,TestThreadPoolManager.java,50d523f6e7e3ba530128a86f0ad4b68b151213c8,2014-01-27 14:14:21-08:00,ThreadPoolManager.java,50d523f6e7e3ba530128a86f0ad4b68b151213c8,2014-01-27 14:14:21-08:00
same,TestIndexManagementUtil.java,50d523f6e7e3ba530128a86f0ad4b68b151213c8,2014-01-27 14:14:21-08:00,IndexManagementUtil.java,50d523f6e7e3ba530128a86f0ad4b68b151213c8,2014-01-27 14:14:21-08:00
same,TestCachingHTableFactory.java,50d523f6e7e3ba530128a86f0ad4b68b151213c8,2014-01-27 14:14:21-08:00,CachingHTableFactory.java,50d523f6e7e3ba530128a86f0ad4b68b151213c8,2014-01-27 14:14:21-08:00
same,TestIndexWriter.java,50d523f6e7e3ba530128a86f0ad4b68b151213c8,2014-01-27 14:14:21-08:00,IndexWriter.java,50d523f6e7e3ba530128a86f0ad4b68b151213c8,2014-01-27 14:14:21-08:00
same,TestPerRegionIndexWriteCache.java,50d523f6e7e3ba530128a86f0ad4b68b151213c8,2014-01-27 14:14:21-08:00,PerRegionIndexWriteCache.java,50d523f6e7e3ba530128a86f0ad4b68b151213c8,2014-01-27 14:14:21-08:00
same,QueryOptimizerTest.java,50d523f6e7e3ba530128a86f0ad4b68b151213c8,2014-01-27 14:14:21-08:00,QueryOptimizer.java,50d523f6e7e3ba530128a86f0ad4b68b151213c8,2014-01-27 14:14:21-08:00
same,ScanRangesTest.java,c5b802461fce2cc9ddd696ec28ebeb47b3bea674,2014-01-27 11:16:01-08:00,ScanRanges.java,c5b802461fce2cc9ddd696ec28ebeb47b3bea674,2014-01-27 11:16:01-08:00
after,SelectStatementRewriterTest.java,50d523f6e7e3ba530128a86f0ad4b68b151213c8,2014-01-27 14:14:21-08:00,SelectStatementRewriter.java,c5b802461fce2cc9ddd696ec28ebeb47b3bea674,2014-01-27 11:16:01-08:00
before,CSVLoaderTest.java,c5b802461fce2cc9ddd696ec28ebeb47b3bea674,2014-01-27 11:16:01-08:00,CSVLoader.java,50d523f6e7e3ba530128a86f0ad4b68b151213c8,2014-01-27 14:14:21-08:00
after,CoalesceFunctionTest.java,50d523f6e7e3ba530128a86f0ad4b68b151213c8,2014-01-27 14:14:21-08:00,CoalesceFunction.java,c5b802461fce2cc9ddd696ec28ebeb47b3bea674,2014-01-27 11:16:01-08:00
before,QueryPlanTest.java,c5b802461fce2cc9ddd696ec28ebeb47b3bea674,2014-01-27 11:16:01-08:00,QueryPlan.java,50d523f6e7e3ba530128a86f0ad4b68b151213c8,2014-01-27 14:14:21-08:00
before,QueryTest.java,50d523f6e7e3ba530128a86f0ad4b68b151213c8,2014-01-27 14:14:21-08:00,Query.java,36b88651cbeb680a7d06828bcb5d61d440341ad2,2015-03-13 10:45:19-07:00
same,ReverseFunctionTest.java,c5b802461fce2cc9ddd696ec28ebeb47b3bea674,2014-01-27 11:16:01-08:00,ReverseFunction.java,c5b802461fce2cc9ddd696ec28ebeb47b3bea674,2014-01-27 11:16:01-08:00
same,SkipRangeParallelIteratorRegionSplitterTest.java,50d523f6e7e3ba530128a86f0ad4b68b151213c8,2014-01-27 14:14:21-08:00,SkipRangeParallelIteratorRegionSplitter.java,50d523f6e7e3ba530128a86f0ad4b68b151213c8,2014-01-27 14:14:21-08:00
after,ToCharFunctionTest.java,50d523f6e7e3ba530128a86f0ad4b68b151213c8,2014-01-27 14:14:21-08:00,ToCharFunction.java,c5b802461fce2cc9ddd696ec28ebeb47b3bea674,2014-01-27 11:16:01-08:00
after,ToNumberFunctionTest.java,50d523f6e7e3ba530128a86f0ad4b68b151213c8,2014-01-27 14:14:21-08:00,ToNumberFunction.java,c5b802461fce2cc9ddd696ec28ebeb47b3bea674,2014-01-27 11:16:01-08:00
same,CoerceExpressionTest.java,50d523f6e7e3ba530128a86f0ad4b68b151213c8,2014-01-27 14:14:21-08:00,CoerceExpression.java,50d523f6e7e3ba530128a86f0ad4b68b151213c8,2014-01-27 14:14:21-08:00
after,ColumnExpressionTest.java,50d523f6e7e3ba530128a86f0ad4b68b151213c8,2014-01-27 14:14:21-08:00,ColumnExpression.java,c5b802461fce2cc9ddd696ec28ebeb47b3bea674,2014-01-27 11:16:01-08:00
same,LikeExpressionTest.java,c5b802461fce2cc9ddd696ec28ebeb47b3bea674,2014-01-27 11:16:01-08:00,LikeExpression.java,c5b802461fce2cc9ddd696ec28ebeb47b3bea674,2014-01-27 11:16:01-08:00
same,SkipScanFilterTest.java,c5b802461fce2cc9ddd696ec28ebeb47b3bea674,2014-01-27 11:16:01-08:00,SkipScanFilter.java,c5b802461fce2cc9ddd696ec28ebeb47b3bea674,2014-01-27 11:16:01-08:00
same,IndexMaintainerTest.java,50d523f6e7e3ba530128a86f0ad4b68b151213c8,2014-01-27 14:14:21-08:00,IndexMaintainer.java,50d523f6e7e3ba530128a86f0ad4b68b151213c8,2014-01-27 14:14:21-08:00
same,ConcatResultIteratorTest.java,c5b802461fce2cc9ddd696ec28ebeb47b3bea674,2014-01-27 11:16:01-08:00,ConcatResultIterator.java,c5b802461fce2cc9ddd696ec28ebeb47b3bea674,2014-01-27 11:16:01-08:00
same,MergeSortResultIteratorTest.java,c5b802461fce2cc9ddd696ec28ebeb47b3bea674,2014-01-27 11:16:01-08:00,MergeSortResultIterator.java,c5b802461fce2cc9ddd696ec28ebeb47b3bea674,2014-01-27 11:16:01-08:00
same,SpoolingResultIteratorTest.java,c5b802461fce2cc9ddd696ec28ebeb47b3bea674,2014-01-27 11:16:01-08:00,SpoolingResultIterator.java,c5b802461fce2cc9ddd696ec28ebeb47b3bea674,2014-01-27 11:16:01-08:00
before,PhoenixEmbeddedDriverTest.java,c5b802461fce2cc9ddd696ec28ebeb47b3bea674,2014-01-27 11:16:01-08:00,PhoenixEmbeddedDriver.java,50d523f6e7e3ba530128a86f0ad4b68b151213c8,2014-01-27 14:14:21-08:00
same,MemoryManagerTest.java,c5b802461fce2cc9ddd696ec28ebeb47b3bea674,2014-01-27 11:16:01-08:00,MemoryManager.java,c5b802461fce2cc9ddd696ec28ebeb47b3bea674,2014-01-27 11:16:01-08:00
same,HBaseFactoryProviderTest.java,50d523f6e7e3ba530128a86f0ad4b68b151213c8,2014-01-27 14:14:21-08:00,HBaseFactoryProvider.java,50d523f6e7e3ba530128a86f0ad4b68b151213c8,2014-01-27 14:14:21-08:00
same,PDataTypeTest.java,04ef859b78704f5b56118ee30248652dcfcdee3f,2014-12-17 15:24:45-08:00,PDataType.java,04ef859b78704f5b56118ee30248652dcfcdee3f,2014-12-17 15:24:45-08:00
same,RowKeySchemaTest.java,c5b802461fce2cc9ddd696ec28ebeb47b3bea674,2014-01-27 11:16:01-08:00,RowKeySchema.java,c5b802461fce2cc9ddd696ec28ebeb47b3bea674,2014-01-27 11:16:01-08:00
same,RowKeyValueAccessorTest.java,c5b802461fce2cc9ddd696ec28ebeb47b3bea674,2014-01-27 11:16:01-08:00,RowKeyValueAccessor.java,c5b802461fce2cc9ddd696ec28ebeb47b3bea674,2014-01-27 11:16:01-08:00
same,SchemaUtilTest.java,50d523f6e7e3ba530128a86f0ad4b68b151213c8,2014-01-27 14:14:21-08:00,SchemaUtil.java,50d523f6e7e3ba530128a86f0ad4b68b151213c8,2014-01-27 14:14:21-08:00
before,ValueBitSetTest.java,c5b802461fce2cc9ddd696ec28ebeb47b3bea674,2014-01-27 11:16:01-08:00,ValueBitSet.java,50d523f6e7e3ba530128a86f0ad4b68b151213c8,2014-01-27 14:14:21-08:00
before,ByteUtilTest.java,c5b802461fce2cc9ddd696ec28ebeb47b3bea674,2014-01-27 11:16:01-08:00,ByteUtil.java,50d523f6e7e3ba530128a86f0ad4b68b151213c8,2014-01-27 14:14:21-08:00
before,DateUtilTest.java,c5b802461fce2cc9ddd696ec28ebeb47b3bea674,2014-01-27 11:16:01-08:00,DateUtil.java,50d523f6e7e3ba530128a86f0ad4b68b151213c8,2014-01-27 14:14:21-08:00
before,MetaDataUtilTest.java,c5b802461fce2cc9ddd696ec28ebeb47b3bea674,2014-01-27 11:16:01-08:00,MetaDataUtil.java,50d523f6e7e3ba530128a86f0ad4b68b151213c8,2014-01-27 14:14:21-08:00
before,ScanUtilTest.java,c5b802461fce2cc9ddd696ec28ebeb47b3bea674,2014-01-27 11:16:01-08:00,ScanUtil.java,50d523f6e7e3ba530128a86f0ad4b68b151213c8,2014-01-27 14:14:21-08:00
same,MD5FunctionTest.java,9342036940a0c98a1c4529d7b76fd0a9425e13ab,2014-01-27 14:19:43-08:00,MD5Function.java,9342036940a0c98a1c4529d7b76fd0a9425e13ab,2014-01-27 14:19:43-08:00
same,TestClientKeyValue.java,50d523f6e7e3ba530128a86f0ad4b68b151213c8,2014-01-27 14:14:21-08:00,ClientKeyValue.java,50d523f6e7e3ba530128a86f0ad4b68b151213c8,2014-01-27 14:14:21-08:00
same,SequenceTest.java,50d523f6e7e3ba530128a86f0ad4b68b151213c8,2014-01-27 14:14:21-08:00,Sequence.java,50d523f6e7e3ba530128a86f0ad4b68b151213c8,2014-01-27 14:14:21-08:00
same,TestPhoenixSink.java,50d523f6e7e3ba530128a86f0ad4b68b151213c8,2014-01-27 14:14:21-08:00,PhoenixSink.java,50d523f6e7e3ba530128a86f0ad4b68b151213c8,2014-01-27 14:14:21-08:00
same,TestRegexEventSerializer.java,50d523f6e7e3ba530128a86f0ad4b68b151213c8,2014-01-27 14:14:21-08:00,RegexEventSerializer.java,50d523f6e7e3ba530128a86f0ad4b68b151213c8,2014-01-27 14:14:21-08:00
after,PhoenixRuntimeTest.java,214ad9e78124f7c57fa5ae07b4211e6f8fbc3dfd,2014-02-07 22:45:00-08:00,PhoenixRuntime.java,50d523f6e7e3ba530128a86f0ad4b68b151213c8,2014-01-27 14:14:21-08:00
same,SortOrderTest.java,ae131f560987039142ea5d0ed468c19d4aca565d,2014-02-10 22:51:48+09:00,SortOrder.java,ae131f560987039142ea5d0ed468c19d4aca565d,2014-02-10 22:51:48+09:00
after,PMetaDataImplTest.java,c00f6f2506cd61df4f728827520ed879f9cfd5eb,2014-03-01 14:13:20-08:00,PMetaDataImpl.java,50d523f6e7e3ba530128a86f0ad4b68b151213c8,2014-01-27 14:14:21-08:00
same,CSVCommonsLoaderTest.java,3ed0f61428b9aa3cc077a33e3cb4b0891ef37d71,2014-03-04 01:43:29-08:00,CSVCommonsLoader.java,3ed0f61428b9aa3cc077a33e3cb4b0891ef37d71,2014-03-04 01:43:29-08:00
after,StatsManagerTest.java,0237b9e73f7ab01d95c6933eee3e19ac28414a15,2014-03-04 14:22:11-08:00,StatsManager.java,c5b802461fce2cc9ddd696ec28ebeb47b3bea674,2014-01-27 11:16:01-08:00
after,QueryUtilTest.java,3e684149d64ae0c888639bd7ad4f558dc27ad87a,2014-03-11 17:30:33-07:00,QueryUtil.java,50d523f6e7e3ba530128a86f0ad4b68b151213c8,2014-01-27 14:14:21-08:00
same,CsvUpsertExecutorTest.java,3e684149d64ae0c888639bd7ad4f558dc27ad87a,2014-03-11 17:30:33-07:00,CsvUpsertExecutor.java,3e684149d64ae0c888639bd7ad4f558dc27ad87a,2014-03-11 17:30:33-07:00
same,StringToArrayConverterTest.java,3e684149d64ae0c888639bd7ad4f558dc27ad87a,2014-03-11 17:30:33-07:00,StringToArrayConverter.java,3e684149d64ae0c888639bd7ad4f558dc27ad87a,2014-03-11 17:30:33-07:00
after,PhoenixDriverTest.java,e6caf55ab445a1e2a43a9fda9c1216a56a6b6684,2014-03-12 16:46:26-07:00,PhoenixDriver.java,50d523f6e7e3ba530128a86f0ad4b68b151213c8,2014-01-27 14:14:21-08:00
same,PropertiesUtilTest.java,e6caf55ab445a1e2a43a9fda9c1216a56a6b6684,2014-03-12 16:46:26-07:00,PropertiesUtil.java,e6caf55ab445a1e2a43a9fda9c1216a56a6b6684,2014-03-12 16:46:26-07:00
same,ExternalSqlTypeIdFunctionTest.java,d1caa5150ed051d68aa05fe489bea2a2b9faf64b,2014-03-13 18:13:02-07:00,ExternalSqlTypeIdFunction.java,d1caa5150ed051d68aa05fe489bea2a2b9faf64b,2014-03-13 18:13:02-07:00
same,CsvBulkImportUtilTest.java,b079fbc5121fe783cdc5ac6dda44dc4d4c660246,2014-03-16 11:33:56-07:00,CsvBulkImportUtil.java,b079fbc5121fe783cdc5ac6dda44dc4d4c660246,2014-03-16 11:33:56-07:00
same,CsvBulkLoadToolTest.java,b079fbc5121fe783cdc5ac6dda44dc4d4c660246,2014-03-16 11:33:56-07:00,CsvBulkLoadTool.java,b079fbc5121fe783cdc5ac6dda44dc4d4c660246,2014-03-16 11:33:56-07:00
same,CsvToKeyValueMapperTest.java,b079fbc5121fe783cdc5ac6dda44dc4d4c660246,2014-03-16 11:33:56-07:00,CsvToKeyValueMapper.java,b079fbc5121fe783cdc5ac6dda44dc4d4c660246,2014-03-16 11:33:56-07:00
after,ColumnInfoTest.java,b079fbc5121fe783cdc5ac6dda44dc4d4c660246,2014-03-16 11:33:56-07:00,ColumnInfo.java,c5b802461fce2cc9ddd696ec28ebeb47b3bea674,2014-01-27 11:16:01-08:00
after,PhoenixHBaseStorageTest.java,13bd857506ac9c1462e49af2f28bf04d49d0afc8,2014-04-08 17:18:21-07:00,PhoenixHBaseStorage.java,c5b802461fce2cc9ddd696ec28ebeb47b3bea674,2014-01-27 11:16:01-08:00
after,PhoenixPigConfigurationTest.java,a615cebfb05e9a16df69ab94b7684961350869aa,2014-04-21 20:09:53-07:00,PhoenixPigConfiguration.java,c5b802461fce2cc9ddd696ec28ebeb47b3bea674,2014-01-27 11:16:01-08:00
same,ColumnInfoToStringEncoderDecoderTest.java,a615cebfb05e9a16df69ab94b7684961350869aa,2014-04-21 20:09:53-07:00,ColumnInfoToStringEncoderDecoder.java,a615cebfb05e9a16df69ab94b7684961350869aa,2014-04-21 20:09:53-07:00
same,PhoenixPigSchemaUtilTest.java,a615cebfb05e9a16df69ab94b7684961350869aa,2014-04-21 20:09:53-07:00,PhoenixPigSchemaUtil.java,a615cebfb05e9a16df69ab94b7684961350869aa,2014-04-21 20:09:53-07:00
same,QuerySchemaParserFunctionTest.java,a615cebfb05e9a16df69ab94b7684961350869aa,2014-04-21 20:09:53-07:00,QuerySchemaParserFunction.java,a615cebfb05e9a16df69ab94b7684961350869aa,2014-04-21 20:09:53-07:00
same,TableSchemaParserFunctionTest.java,a615cebfb05e9a16df69ab94b7684961350869aa,2014-04-21 20:09:53-07:00,TableSchemaParserFunction.java,a615cebfb05e9a16df69ab94b7684961350869aa,2014-04-21 20:09:53-07:00
same,PhoenixContextExecutorTest.java,f50ba17af36cd0ee76b1ec331c8fe0f109596df5,2014-05-14 08:25:33+02:00,PhoenixContextExecutor.java,f50ba17af36cd0ee76b1ec331c8fe0f109596df5,2014-05-14 08:25:33+02:00
same,PhoenixIndexRpcSchedulerTest.java,1954c717a12561bdc2184ba23c53afae3f900084,2014-07-23 11:10:52-07:00,PhoenixIndexRpcScheduler.java,1954c717a12561bdc2184ba23c53afae3f900084,2014-07-23 11:10:52-07:00
same,PhoenixIndexRpcSchedulerFactoryTest.java,1954c717a12561bdc2184ba23c53afae3f900084,2014-07-23 11:10:52-07:00,PhoenixIndexRpcSchedulerFactory.java,1954c717a12561bdc2184ba23c53afae3f900084,2014-07-23 11:10:52-07:00
same,Base62EncoderTest.java,2ab8f34d255fb0b92168fc63561ab335558d043d,2014-06-07 22:51:10+09:00,Base62Encoder.java,2ab8f34d255fb0b92168fc63561ab335558d043d,2014-06-07 22:51:10+09:00
after,StringUtilTest.java,2ab8f34d255fb0b92168fc63561ab335558d043d,2014-06-07 22:51:10+09:00,StringUtil.java,50d523f6e7e3ba530128a86f0ad4b68b151213c8,2014-01-27 14:14:21-08:00
same,SqlQueryToColumnInfoFunctionTest.java,437bf6881eea425c28f67f148f5be6fc3093fddc,2014-06-08 00:41:27-07:00,SqlQueryToColumnInfoFunction.java,437bf6881eea425c28f67f148f5be6fc3093fddc,2014-06-08 00:41:27-07:00
same,TestIndexLoadBalancer.java,247ac8eee8ca604ca1616ba4bcf91fec6475ea88,2014-07-15 10:04:54+05:30,IndexLoadBalancer.java,247ac8eee8ca604ca1616ba4bcf91fec6475ea88,2014-07-15 10:04:54+05:30
same,SequenceUtilTest.java,9b9c86808e61382fc14306ea0aa5762815cc2ebf,2014-07-19 16:56:00-07:00,SequenceUtil.java,9b9c86808e61382fc14306ea0aa5762815cc2ebf,2014-07-19 16:56:00-07:00
same,TraceReaderTest.java,b7f46c1051de3e23630dccb82677a0a16985f27c,2014-07-28 06:37:49-07:00,TraceReader.java,b7f46c1051de3e23630dccb82677a0a16985f27c,2014-07-28 06:37:49-07:00
same,PhoenixMetricsWriterTest.java,b7f46c1051de3e23630dccb82677a0a16985f27c,2014-07-28 06:37:49-07:00,PhoenixMetricsWriter.java,b7f46c1051de3e23630dccb82677a0a16985f27c,2014-07-28 06:37:49-07:00
same,TracingTest.java,b7f46c1051de3e23630dccb82677a0a16985f27c,2014-07-28 06:37:49-07:00,Tracing.java,b7f46c1051de3e23630dccb82677a0a16985f27c,2014-07-28 06:37:49-07:00
after,PhoenixPreparedStatementTest.java,486e28b5821fdce014755b695248fba995c37225,2014-09-17 09:28:40+02:00,PhoenixPreparedStatement.java,50d523f6e7e3ba530128a86f0ad4b68b151213c8,2014-01-27 14:14:21-08:00
after,JDBCUtilTest.java,f4ef42d6902b8edf8aa88dd81756300f6071d34d,2014-09-18 20:32:13-07:00,JDBCUtil.java,50d523f6e7e3ba530128a86f0ad4b68b151213c8,2014-01-27 14:14:21-08:00
same,LogUtilTest.java,1f54dfe7691e73f21bea2a67a1fb42edac706641,2014-09-19 16:13:05-07:00,LogUtil.java,1f54dfe7691e73f21bea2a67a1fb42edac706641,2014-09-19 16:13:05-07:00
same,DeterminismTest.java,b1be0f8b8b5921bd6d0a91f549294eea7f27da95,2014-10-03 22:33:34-07:00,Determinism.java,b1be0f8b8b5921bd6d0a91f549294eea7f27da95,2014-10-03 22:33:34-07:00
after,SaltingUtilTest.java,aa7835dd90354d71450cd5f0e47f01c3cacecd62,2014-11-26 20:34:17+01:00,SaltingUtil.java,50d523f6e7e3ba530128a86f0ad4b68b151213c8,2014-01-27 14:14:21-08:00
after,IndexUtilTest.java,88ecb78cfabb99541ae357af8deb22ea704ba967,2014-12-18 23:13:13-08:00,IndexUtil.java,50d523f6e7e3ba530128a86f0ad4b68b151213c8,2014-01-27 14:14:21-08:00
after,MutationStateTest.java,67c4c4597c9154f19f977e0747a5258daa766486,2015-04-21 17:58:43-07:00,MutationState.java,50d523f6e7e3ba530128a86f0ad4b68b151213c8,2014-01-27 14:14:21-08:00
same,ColumnTest.java,36b88651cbeb680a7d06828bcb5d61d440341ad2,2015-03-13 10:45:19-07:00,Column.java,36b88651cbeb680a7d06828bcb5d61d440341ad2,2015-03-13 10:45:19-07:00
same,DataLoaderTest.java,36b88651cbeb680a7d06828bcb5d61d440341ad2,2015-03-13 10:45:19-07:00,DataLoader.java,36b88651cbeb680a7d06828bcb5d61d440341ad2,2015-03-13 10:45:19-07:00
same,PherfTest.java,36b88651cbeb680a7d06828bcb5d61d440341ad2,2015-03-13 10:45:19-07:00,Pherf.java,36b88651cbeb680a7d06828bcb5d61d440341ad2,2015-03-13 10:45:19-07:00
same,ResultTest.java,36b88651cbeb680a7d06828bcb5d61d440341ad2,2015-03-13 10:45:19-07:00,Result.java,36b88651cbeb680a7d06828bcb5d61d440341ad2,2015-03-13 10:45:19-07:00
same,SchemaReaderTest.java,36b88651cbeb680a7d06828bcb5d61d440341ad2,2015-03-13 10:45:19-07:00,SchemaReader.java,36b88651cbeb680a7d06828bcb5d61d440341ad2,2015-03-13 10:45:19-07:00
same,SignFunctionTest.java,828d5fb9af8633500bf7d05c7f25f12c2b8d51f0,2015-03-16 12:41:31-07:00,SignFunction.java,828d5fb9af8633500bf7d05c7f25f12c2b8d51f0,2015-03-16 12:41:31-07:00
after,TestPhoenixIndexRpcSchedulerFactory.java,a7d7dfb52622a586482030ae6904d0c53ed7a4af,2015-03-27 11:45:41-07:00,PhoenixIndexRpcSchedulerFactory.java,1954c717a12561bdc2184ba23c53afae3f900084,2014-07-23 11:10:52-07:00
same,JodaTimezoneCacheTest.java,b9002b7caa54c4fde04b27fe6963719a8d821d7c,2015-03-27 14:58:40-07:00,JodaTimezoneCache.java,b9002b7caa54c4fde04b27fe6963719a8d821d7c,2015-03-27 14:58:40-07:00
same,InstrFunctionTest.java,1f942b1f0e815674f1917c18167d848769435148,2015-04-02 21:07:55+02:00,InstrFunction.java,1f942b1f0e815674f1917c18167d848769435148,2015-04-02 21:07:55+02:00
same,ArrayAppendFunctionTest.java,7ef1718127ffaa99adbc4c25ec3715d9472464f9,2015-04-14 12:07:29-07:00,ArrayAppendFunction.java,7ef1718127ffaa99adbc4c25ec3715d9472464f9,2015-04-14 12:07:29-07:00
after,RegexpReplaceFunctionTest.java,3f6b25947d07ea0d7756556dd80e951f12ceda69,2015-04-14 12:09:17-07:00,RegexpReplaceFunction.java,c5b802461fce2cc9ddd696ec28ebeb47b3bea674,2014-01-27 11:16:01-08:00
after,RegexpSplitFunctionTest.java,3f6b25947d07ea0d7756556dd80e951f12ceda69,2015-04-14 12:09:17-07:00,RegexpSplitFunction.java,89c2f27411af1ad6c230201e93ab262b7a92fca1,2014-09-17 08:47:21+02:00
after,RegexpSubstrFunctionTest.java,3f6b25947d07ea0d7756556dd80e951f12ceda69,2015-04-14 12:09:17-07:00,RegexpSubstrFunction.java,c5b802461fce2cc9ddd696ec28ebeb47b3bea674,2014-01-27 11:16:01-08:00
after,RowCalculatorTest.java,254024f9c97ffa541fbc097a89e2bd2859fa02a2,2015-04-23 15:26:48-07:00,RowCalculator.java,36b88651cbeb680a7d06828bcb5d61d440341ad2,2015-03-13 10:45:19-07:00
same,ArrayPrependFunctionTest.java,b5ef25c942fb0f4ab9a6fec66e821c5c3473ea46,2015-05-13 10:46:19+05:30,ArrayPrependFunction.java,b5ef25c942fb0f4ab9a6fec66e821c5c3473ea46,2015-05-13 10:46:19+05:30
same,SqrtFunctionTest.java,e54c99d8b1ce7bd6118df46209e102e9a86c3782,2015-06-04 14:26:27-07:00,SqrtFunction.java,e54c99d8b1ce7bd6118df46209e102e9a86c3782,2015-06-04 14:26:27-07:00
same,AbsFunctionTest.java,c2927ddec5ab954dd779516ed29b4b7fa4b011d9,2015-06-15 15:53:44-07:00,AbsFunction.java,c2927ddec5ab954dd779516ed29b4b7fa4b011d9,2015-06-15 15:53:44-07:00
same,CbrtFunctionTest.java,c2927ddec5ab954dd779516ed29b4b7fa4b011d9,2015-06-15 15:53:44-07:00,CbrtFunction.java,c2927ddec5ab954dd779516ed29b4b7fa4b011d9,2015-06-15 15:53:44-07:00
same,ExpFunctionTest.java,c2927ddec5ab954dd779516ed29b4b7fa4b011d9,2015-06-15 15:53:44-07:00,ExpFunction.java,c2927ddec5ab954dd779516ed29b4b7fa4b011d9,2015-06-15 15:53:44-07:00
same,PowerFunctionTest.java,c2927ddec5ab954dd779516ed29b4b7fa4b011d9,2015-06-15 15:53:44-07:00,PowerFunction.java,c2927ddec5ab954dd779516ed29b4b7fa4b011d9,2015-06-15 15:53:44-07:00
after,TypeUtilTest.java,8076126a741a0cf2a5839b88904fa08bfdfb6cdb,2015-06-15 18:17:44-07:00,TypeUtil.java,a615cebfb05e9a16df69ab94b7684961350869aa,2014-04-21 20:09:53-07:00
same,ArrayConcatFunctionTest.java,7385899d966e38cfc798fd509445db24653ad7de,2015-06-21 22:14:16+05:30,ArrayConcatFunction.java,7385899d966e38cfc798fd509445db24653ad7de,2015-06-21 22:14:16+05:30
same,ArrayFillFunctionTest.java,fb8c9413f6583798059741fb7c03c8c04a2c3336,2015-06-30 22:52:40+05:30,ArrayFillFunction.java,fb8c9413f6583798059741fb7c03c8c04a2c3336,2015-06-30 22:52:40+05:30
same,SequenceAllocationTest.java,3b1bfa0d7b83f0b9ee0ad535d6e1f99777c14cb6,2015-07-09 20:56:48-07:00,SequenceAllocation.java,3b1bfa0d7b83f0b9ee0ad535d6e1f99777c14cb6,2015-07-09 20:56:48-07:00
same,ArrayToStringFunctionTest.java,236ce1c87c729c9beba5985e4fe3871e300176e6,2015-07-16 21:20:36+05:30,ArrayToStringFunction.java,236ce1c87c729c9beba5985e4fe3871e300176e6,2015-07-16 21:20:36+05:30
after,CastParseNodeTest.java,b38a62431ee44df171c913097d18e2433c951466,2015-07-20 15:25:01+02:00,CastParseNode.java,50d523f6e7e3ba530128a86f0ad4b68b151213c8,2014-01-27 14:14:21-08:00
same,StringToArrayFunctionTest.java,265b6dee75891c1d4a35cb73d4baaf86cbae1482,2015-07-28 10:30:00+05:30,StringToArrayFunction.java,265b6dee75891c1d4a35cb73d4baaf86cbae1482,2015-07-28 10:30:00+05:30
after,DescVarLengthFastByteComparisonsTest.java,5330c0794e143014f5bd67114e3fc87c53015789,2015-08-11 01:59:37-07:00,DescVarLengthFastByteComparisons.java,2620a80c1e35c0d214f06a1b16e99da5415a1a2c,2015-07-14 10:55:27-07:00
same,OctetLengthFunctionTest.java,274eb42d41c3c545f28491d845ec6e0b20bdbe5b,2015-08-12 09:00:57-07:00,OctetLengthFunction.java,274eb42d41c3c545f28491d845ec6e0b20bdbe5b,2015-08-12 09:00:57-07:00
same,UnnestArrayPlanTest.java,db137dcaef2d5c7e7bfd83b3ee96f62c4c6c5700,2015-08-24 12:29:14-04:00,UnnestArrayPlan.java,db137dcaef2d5c7e7bfd83b3ee96f62c4c6c5700,2015-08-24 12:29:14-04:00
same,CorrelatePlanTest.java,2acb38a9c64d0d4f6551af9ad2767b9e36c6975a,2015-09-09 16:58:57-04:00,CorrelatePlan.java,2acb38a9c64d0d4f6551af9ad2767b9e36c6975a,2015-09-09 16:58:57-04:00
same,FormatToKeyValueMapperTest.java,578979a1437124d53e319ad554b72793bcef6fd3,2015-12-07 13:09:09-08:00,FormatToKeyValueMapper.java,578979a1437124d53e319ad554b72793bcef6fd3,2015-12-07 13:09:09-08:00
same,JsonUpsertExecutorTest.java,578979a1437124d53e319ad554b72793bcef6fd3,2015-12-07 13:09:09-08:00,JsonUpsertExecutor.java,578979a1437124d53e319ad554b72793bcef6fd3,2015-12-07 13:09:09-08:00
after,TenantCacheTest.java,205c7b86c142bdf69661fcb06676eb09c19a25aa,2016-01-03 15:51:40-08:00,TenantCache.java,50d523f6e7e3ba530128a86f0ad4b68b151213c8,2014-01-27 14:14:21-08:00
after,ResourceListTest.java,938bf9fcc9660cac16ac355340a00de94e1caae2,2016-01-11 16:31:13-08:00,ResourceList.java,36b88651cbeb680a7d06828bcb5d61d440341ad2,2015-03-13 10:45:19-07:00
same,RowKeyOrderedAggregateResultIteratorTest.java,d414505df8afeba553734db688547c6a4e9e90d9,2016-05-12 14:29:29-07:00,RowKeyOrderedAggregateResultIterator.java,d414505df8afeba553734db688547c6a4e9e90d9,2016-05-12 14:29:29-07:00
same,DistinctPrefixFilterTest.java,eb275a5c6089b49bfa5263fe8a34e1a5e46bae97,2016-06-02 10:42:50-07:00,DistinctPrefixFilter.java,eb275a5c6089b49bfa5263fe8a34e1a5e46bae97,2016-06-02 10:42:50-07:00
after,CreateTableCompilerTest.java,b36bb31fe42cb7bf5b6de5bfab63bcad424998a4,2016-08-23 10:29:40-07:00,CreateTableCompiler.java,50d523f6e7e3ba530128a86f0ad4b68b151213c8,2014-01-27 14:14:21-08:00
after,StatisticsScannerTest.java,36d500cb83209cd10ae87c5cce6648aab2866925,2016-09-08 17:27:07-04:00,StatisticsScanner.java,135968902d6b8f34c678482f11643d31530ed6ef,2014-09-19 16:38:28-07:00
after,ArrayConstructorExpressionTest.java,dfe671963e0001f0e99767c6a10806d59f3c47fe,2016-10-06 21:14:57-07:00,ArrayConstructorExpression.java,50d523f6e7e3ba530128a86f0ad4b68b151213c8,2014-01-27 14:14:21-08:00
after,PhoenixQueryBuilderTest.java,a37403cd9ff5c9c6913394fcbb18c97a6a267675,2016-11-02 12:37:24-07:00,PhoenixQueryBuilder.java,537b90bef90ff650bb0f00fe0591e4fab6ec7391,2016-04-19 18:08:26-04:00
after,OrderedResultIteratorTest.java,e23634a358929516ce210fe06d668ce475eccccb,2016-12-24 23:11:10-05:00,OrderedResultIterator.java,c5b802461fce2cc9ddd696ec28ebeb47b3bea674,2014-01-27 11:16:01-08:00
same,TestSystemCatalogWALEntryFilter.java,d1e80e3b161628af4d58443b87d42fa4af256486,2017-02-14 11:31:00-08:00,SystemCatalogWALEntryFilter.java,d1e80e3b161628af4d58443b87d42fa4af256486,2017-02-14 11:31:00-08:00
after,IndexedWALEditCodecTest.java,6d36fa7ca70200568e285aa513f0a577eaade060,2017-02-28 19:54:51-05:00,IndexedWALEditCodec.java,50d523f6e7e3ba530128a86f0ad4b68b151213c8,2014-01-27 14:14:21-08:00
after,ConnectionQueryServicesImplTest.java,8b3cc71eb9ae5972516435629591dd2ab94df50d,2017-04-05 17:48:20-04:00,ConnectionQueryServicesImpl.java,50d523f6e7e3ba530128a86f0ad4b68b151213c8,2014-01-27 14:14:21-08:00
after,TestNonTxIndexBuilder.java,85e344fdfcc65d4992336eb52868d7ba78ba55d1,2017-05-08 17:18:54-07:00,NonTxIndexBuilder.java,ef2fa4347cdb7cabaf4ea7923a91764fd3d2276a,2015-11-11 11:19:57-08:00
same,TestLocalTable.java,c7d05d274af6bd2075c422452db4d7a38e5def95,2019-11-24 12:24:32+08:00,LocalTable.java,c7d05d274af6bd2075c422452db4d7a38e5def95,2019-11-24 12:24:32+08:00
after,MetricTypeTest.java,e05b7cdd3286d7021d5836ecf7446a1c2aed0b9c,2017-07-12 11:41:28-07:00,MetricType.java,0f6595c0c511a3f07c51cf92d1ced665556b7d4c,2015-06-26 16:44:43-07:00
same,IndexScrutinyTableOutputTest.java,fc659488361c91b569f15a26dcbab5cbb24c276b,2017-08-28 15:32:20-07:00,IndexScrutinyTableOutput.java,fc659488361c91b569f15a26dcbab5cbb24c276b,2017-08-28 15:32:20-07:00
same,IndexColumnNamesTest.java,fc659488361c91b569f15a26dcbab5cbb24c276b,2017-08-28 15:32:20-07:00,IndexColumnNames.java,fc659488361c91b569f15a26dcbab5cbb24c276b,2017-08-28 15:32:20-07:00
same,RemoteUserExtractorFactoryTest.java,5a21734f10a90fa8de0dce390aedc8edeb52b26c,2017-09-07 14:46:11-04:00,RemoteUserExtractorFactory.java,5a21734f10a90fa8de0dce390aedc8edeb52b26c,2017-09-07 14:46:11-04:00
same,PropertyPolicyProviderTest.java,481440d08a409de4067619d3a7cd333eeef6e717,2017-09-08 12:06:00-07:00,PropertyPolicyProvider.java,481440d08a409de4067619d3a7cd333eeef6e717,2017-09-08 12:06:00-07:00
same,TestPropertyPolicy.java,481440d08a409de4067619d3a7cd333eeef6e717,2017-09-08 12:06:00-07:00,PropertyPolicy.java,481440d08a409de4067619d3a7cd333eeef6e717,2017-09-08 12:06:00-07:00
after,XMLConfigParserTest.java,4ee35057c6a63c347f959361338b517d4f5b38c4,2017-09-12 13:28:33-04:00,XMLConfigParser.java,36b88651cbeb680a7d06828bcb5d61d440341ad2,2015-03-13 10:45:19-07:00
after,XMLResultHandlerTest.java,4ee35057c6a63c347f959361338b517d4f5b38c4,2017-09-12 13:28:33-04:00,XMLResultHandler.java,36b88651cbeb680a7d06828bcb5d61d440341ad2,2015-03-13 10:45:19-07:00
same,PrimaryKeyDataTest.java,052490e09f2271eaa84dc9ab123a62a87123a498,2017-09-14 18:24:02-04:00,PrimaryKeyData.java,052490e09f2271eaa84dc9ab123a62a87123a498,2017-09-14 18:24:02-04:00
after,MetaDataEndpointImplTest.java,4969794bf0c91305d01c8f016abe95039642d46e,2017-09-26 17:14:55-07:00,MetaDataEndpointImpl.java,50d523f6e7e3ba530128a86f0ad4b68b151213c8,2014-01-27 14:14:21-08:00
same,CollationKeyFunctionTest.java,495387681ff97ab3d227660046d187858c264597,2017-11-09 12:52:57-08:00,CollationKeyFunction.java,495387681ff97ab3d227660046d187858c264597,2017-11-09 12:52:57-08:00
after,LowerFunctionTest.java,f1154aa4341d2dddb8ede41f76964d372b42dcbf,2018-03-10 13:48:24-08:00,LowerFunction.java,9342036940a0c98a1c4529d7b76fd0a9425e13ab,2014-01-27 14:19:43-08:00
after,UpperFunctionTest.java,f1154aa4341d2dddb8ede41f76964d372b42dcbf,2018-03-10 13:48:24-08:00,UpperFunction.java,9342036940a0c98a1c4529d7b76fd0a9425e13ab,2014-01-27 14:19:43-08:00
same,ArrayRemoveFunctionTest.java,bf61ead7ac4bce306992d475823e047b4f950ac9,2018-03-23 15:27:07-07:00,ArrayRemoveFunction.java,bf61ead7ac4bce306992d475823e047b4f950ac9,2018-03-23 15:27:07-07:00
same,EquiDepthStreamHistogramTest.java,3d0c724c13492f677f6361b07619772843948e73,2018-05-18 10:41:04-07:00,EquiDepthStreamHistogram.java,3d0c724c13492f677f6361b07619772843948e73,2018-05-18 10:41:04-07:00
after,PostIndexDDLCompilerTest.java,f7b053ac4b636c9b41d5d025d0db1a8b9d3de06d,2018-10-08 16:38:30-07:00,PostIndexDDLCompiler.java,c5b802461fce2cc9ddd696ec28ebeb47b3bea674,2014-01-27 11:16:01-08:00
same,RowValueConstructorExpressionRewriterTest.java,3690c6323e3690e8811c326dc7c57c641e79aef5,2018-11-15 14:21:24-08:00,RowValueConstructorExpressionRewriter.java,3690c6323e3690e8811c326dc7c57c641e79aef5,2018-11-15 14:21:24-08:00
same,PhoenixCanaryToolTest.java,303fff09466bad5ab1e9aa0707c27d960fa5632d,2018-12-07 16:21:31-08:00,PhoenixCanaryTool.java,303fff09466bad5ab1e9aa0707c27d960fa5632d,2018-12-07 16:21:31-08:00
after,UpdateStatisticsToolTest.java,03eabebb12a317be201cdd8a2e5984420d755b15,2019-01-31 10:11:24-08:00,UpdateStatisticsTool.java,bcbcfd817436921de6c69af4cb9a10ce1adc51ac,2019-01-30 14:16:18-08:00
same,PhoenixStatsCacheLoaderTest.java,982b09adb43e8f837b5e6a2cd23921ec08e33065,2019-02-12 07:00:45-08:00,PhoenixStatsCacheLoader.java,982b09adb43e8f837b5e6a2cd23921ec08e33065,2019-02-12 07:00:45-08:00
after,IndexedKeyValueTest.java,0de237eb22c6005d5ed00b0e99d31b632c7b4e3c,2019-03-12 16:45:07-07:00,IndexedKeyValue.java,50d523f6e7e3ba530128a86f0ad4b68b151213c8,2014-01-27 14:14:21-08:00
same,MathPIFunctionTest.java,c73947a47ddcf7be742625c44fb42e01cf419527,2019-03-14 10:45:45-07:00,MathPIFunction.java,c73947a47ddcf7be742625c44fb42e01cf419527,2019-03-14 10:45:45-07:00
after,EncodedQualifiersColumnProjectionFilterTest.java,e383eefe199ab1b1df43a5e7342dbd236ea3a231,2019-05-06 16:05:40-07:00,EncodedQualifiersColumnProjectionFilter.java,3c7ff99bfb958774c3e2ba5d3714ccfc46bd2367,2017-02-26 22:14:26-08:00
same,GuidePostsCacheProviderTest.java,7b0246e4f031eabab12a4176052de5ac7bcbe1f3,2019-05-15 15:16:06-07:00,GuidePostsCacheProvider.java,7b0246e4f031eabab12a4176052de5ac7bcbe1f3,2019-05-15 15:16:06-07:00
same,GuidePostsCacheWrapperTest.java,7b0246e4f031eabab12a4176052de5ac7bcbe1f3,2019-05-15 15:16:06-07:00,GuidePostsCacheWrapper.java,7b0246e4f031eabab12a4176052de5ac7bcbe1f3,2019-05-15 15:16:06-07:00
after,ChunkedResultIteratorTest.java,accd0af195b521cd572219d93033f94ad3b3401e,2019-05-16 12:30:34-07:00,ChunkedResultIterator.java,61c948b73f27c8d563561f5d3ef779742646a450,2014-07-08 21:28:04+02:00
after,IndexUpgradeToolTest.java,4315fd2a72474630742a7a88cff75ece9e3a591c,2019-07-24 18:44:46-07:00,IndexUpgradeTool.java,2af1660078fb8ea2abe6d2c2e0f79dddab488459,2019-07-08 23:50:42-07:00
after,AndExpressionTest.java,3bea4131945943189edfe09fd6019c04552f8a19,2019-09-27 11:49:06-07:00,AndExpression.java,50d523f6e7e3ba530128a86f0ad4b68b151213c8,2014-01-27 14:14:21-08:00
after,OrExpressionTest.java,3bea4131945943189edfe09fd6019c04552f8a19,2019-09-27 11:49:06-07:00,OrExpression.java,c5b802461fce2cc9ddd696ec28ebeb47b3bea674,2014-01-27 11:16:01-08:00
after,InListExpressionTest.java,207ab526ee511a19ac287f61fbd2cef268c5038d,2019-09-26 09:21:31-07:00,InListExpression.java,50d523f6e7e3ba530128a86f0ad4b68b151213c8,2014-01-27 14:14:21-08:00
after,IndexScrutinyMapperTest.java,2aca0674c7373a2823f8b9214476ebb80426ab5c,2020-02-04 15:47:35-08:00,IndexScrutinyMapper.java,fc659488361c91b569f15a26dcbab5cbb24c276b,2017-08-28 15:32:20-07:00
after,MetricUtilTest.java,28de55b5c79a5fc32dee97a59e5b4f528ca6dce6,2020-02-19 08:13:51+01:00,MetricUtil.java,d77a7c80f134f5cbecd7cb3888153996c838adc7,2018-05-14 14:22:42-07:00
same,RVCOffsetCompilerTest.java,6a2ad3ed4517ff23e0e5dff3f364c1c0673b8efc,2020-03-08 19:29:36-07:00,RVCOffsetCompiler.java,6a2ad3ed4517ff23e0e5dff3f364c1c0673b8efc,2020-03-08 19:29:36-07:00
same,SequentialIntegerDataGeneratorTest.java,264715133cdb8085b48a79eddfe3d27736614715,2020-03-18 18:41:39-07:00,SequentialIntegerDataGenerator.java,264715133cdb8085b48a79eddfe3d27736614715,2020-03-18 18:41:39-07:00
after,IndexToolTest.java,9379540a5386721dfb08b0f7087ade18949ebf29,2020-03-23 19:46:34-07:00,IndexTool.java,55f64eaf3d48bb788ec3f6d4e9d50b1d2baf5b9f,2015-03-11 20:41:36-07:00
after,PhoenixMRJobUtilTest.java,e10642686314804030ffa4c151155f5483e97db4,2020-04-07 06:28:27+02:00,PhoenixMRJobUtil.java,917e025ae13e54c83197d15ceacd5d122dbe4ee4,2016-06-20 10:56:29-07:00
same,PhoenixRowTimestampFunctionTest.java,ed0ca183fe6e54aa83ad826e4cf3e77267a0b306,2020-04-13 14:39:16-07:00,PhoenixRowTimestampFunction.java,ed0ca183fe6e54aa83ad826e4cf3e77267a0b306,2020-04-13 14:39:16-07:00
after,MetaDataClientTest.java,c627f94b50802bde493bfef1a2a090d9568eff6f,2020-04-17 16:07:49-07:00,MetaDataClient.java,50d523f6e7e3ba530128a86f0ad4b68b151213c8,2014-01-27 14:14:21-08:00
after,TestTaskRunner.java,09605d8403e8393d4eccea052c0e20b867af37f6,2020-05-19 21:33:39-07:00,TaskRunner.java,50d523f6e7e3ba530128a86f0ad4b68b151213c8,2014-01-27 14:14:21-08:00
after,SingleKeyValueTupleTest.java,4d6a67d5ef30bf73a5ac4feddf09969c884e226a,2020-06-21 19:24:04+08:00,SingleKeyValueTuple.java,50d523f6e7e3ba530128a86f0ad4b68b151213c8,2014-01-27 14:14:21-08:00
after,OverAllQueryMetricsTest.java,07f1fea40804a9c65e04e336afbeecab534372e0,2020-07-16 12:00:54-07:00,OverAllQueryMetrics.java,0f6595c0c511a3f07c51cf92d1ced665556b7d4c,2015-06-26 16:44:43-07:00
after,ServerCacheClientTest.java,6a293496ba0bb264964ea9d124bc624c14db32ce,2020-07-18 21:52:09-07:00,ServerCacheClient.java,50d523f6e7e3ba530128a86f0ad4b68b151213c8,2014-01-27 14:14:21-08:00
after,SQLExceptionCodeTest.java,178484853f82c7556946ad954d9b146f2882399e,2020-10-16 13:24:06-05:00,SQLExceptionCode.java,50d523f6e7e3ba530128a86f0ad4b68b151213c8,2014-01-27 14:14:21-08:00
after,IndexRebuildRegionScannerTest.java,dd5c1feff6d7fa71b3e5128ad8db0ab1c2126f80,2020-10-17 14:54:07-07:00,IndexRebuildRegionScanner.java,ae07dca7803f740e6effdee432605d38634d22db,2020-01-10 20:10:36-08:00
same,TaskMetaDataEndpointTest.java,68ac1b4decd09b3f83a8e909695ccf91cc9a122f,2020-11-18 10:47:24-08:00,TaskMetaDataEndpoint.java,68ac1b4decd09b3f83a8e909695ccf91cc9a122f,2020-11-18 10:47:24-08:00
same,DefaultMultiViewSplitStrategyTest.java,5caadb351cc473260f966e0e00b2a473b5979e00,2020-12-15 17:47:29-08:00,DefaultMultiViewSplitStrategy.java,5caadb351cc473260f966e0e00b2a473b5979e00,2020-12-15 17:47:29-08:00
same,PhoenixMultiViewInputFormatTest.java,5caadb351cc473260f966e0e00b2a473b5979e00,2020-12-15 17:47:29-08:00,PhoenixMultiViewInputFormat.java,5caadb351cc473260f966e0e00b2a473b5979e00,2020-12-15 17:47:29-08:00
same,PhoenixMultiViewReaderTest.java,5caadb351cc473260f966e0e00b2a473b5979e00,2020-12-15 17:47:29-08:00,PhoenixMultiViewReader.java,5caadb351cc473260f966e0e00b2a473b5979e00,2020-12-15 17:47:29-08:00
same,PhoenixTTLToolTest.java,5caadb351cc473260f966e0e00b2a473b5979e00,2020-12-15 17:47:29-08:00,PhoenixTTLTool.java,5caadb351cc473260f966e0e00b2a473b5979e00,2020-12-15 17:47:29-08:00
same,PhoenixTableMetricImplTest.java,63bb42ce6e51cdb5b77ad23dfd4742cb772be22a,2021-02-11 18:26:45-08:00,PhoenixTableMetricImpl.java,63bb42ce6e51cdb5b77ad23dfd4742cb772be22a,2021-02-11 18:26:45-08:00
same,TenantOperationEventGeneratorTest.java,45ebf1a264ac806b5559081e8a2bc4d64a744e3d,2021-03-25 17:28:45-07:00,TenantOperationEventGenerator.java,45ebf1a264ac806b5559081e8a2bc4d64a744e3d,2021-03-25 17:28:45-07:00
same,TenantOperationFactoryTest.java,45ebf1a264ac806b5559081e8a2bc4d64a744e3d,2021-03-25 17:28:45-07:00,TenantOperationFactory.java,45ebf1a264ac806b5559081e8a2bc4d64a744e3d,2021-03-25 17:28:45-07:00
same,SequentialDateDataGeneratorTest.java,27292593b2bb471b94a18765aac97043c8822426,2021-03-31 21:01:02-07:00,SequentialDateDataGenerator.java,27292593b2bb471b94a18765aac97043c8822426,2021-03-31 21:01:02-07:00
same,SequentialListDataGeneratorTest.java,27292593b2bb471b94a18765aac97043c8822426,2021-03-31 21:01:02-07:00,SequentialListDataGenerator.java,27292593b2bb471b94a18765aac97043c8822426,2021-03-31 21:01:02-07:00
same,SequentialVarcharDataGeneratorTest.java,27292593b2bb471b94a18765aac97043c8822426,2021-03-31 21:01:02-07:00,SequentialVarcharDataGenerator.java,27292593b2bb471b94a18765aac97043c8822426,2021-03-31 21:01:02-07:00
same,SequentialLoadEventGeneratorTest.java,3dcf95d942fb8589c9db476ab115c1ee74f6e8af,2021-05-07 21:16:07-07:00,SequentialLoadEventGenerator.java,3dcf95d942fb8589c9db476ab115c1ee74f6e8af,2021-05-07 21:16:07-07:00
same,UniformDistributionLoadEventGeneratorTest.java,3dcf95d942fb8589c9db476ab115c1ee74f6e8af,2021-05-07 21:16:07-07:00,UniformDistributionLoadEventGenerator.java,3dcf95d942fb8589c9db476ab115c1ee74f6e8af,2021-05-07 21:16:07-07:00
same,TableClientMetricsTest.java,877457ed8a1a58036a022ee686b717b18d251f9e,2021-05-13 10:17:47-07:00,TableClientMetrics.java,877457ed8a1a58036a022ee686b717b18d251f9e,2021-05-13 10:17:47-07:00
same,TableMetricsManagerTest.java,877457ed8a1a58036a022ee686b717b18d251f9e,2021-05-13 10:17:47-07:00,TableMetricsManager.java,877457ed8a1a58036a022ee686b717b18d251f9e,2021-05-13 10:17:47-07:00
after,DistinctAggregatingResultIteratorTest.java,a073d5bb19915df4424efc619323fb82e3e838e2,2021-07-15 17:02:22+08:00,DistinctAggregatingResultIterator.java,c5b802461fce2cc9ddd696ec28ebeb47b3bea674,2014-01-27 11:16:01-08:00
after,ServerUtilTest.java,bc1f0affb0f72b74bf6c2b8c6bd59aae3d725405,2021-10-11 13:27:06-04:00,ServerUtil.java,c5b802461fce2cc9ddd696ec28ebeb47b3bea674,2014-01-27 11:16:01-08:00
same,LatencyHistogramTest.java,54cfbca4ba3b33e92384cbf4d113c911bdbca6ec,2021-10-11 16:01:51-07:00,LatencyHistogram.java,54cfbca4ba3b33e92384cbf4d113c911bdbca6ec,2021-10-11 16:01:51-07:00
same,SizeHistogramTest.java,54cfbca4ba3b33e92384cbf4d113c911bdbca6ec,2021-10-11 16:01:51-07:00,SizeHistogram.java,54cfbca4ba3b33e92384cbf4d113c911bdbca6ec,2021-10-11 16:01:51-07:00
same,TableHistogramsTest.java,54cfbca4ba3b33e92384cbf4d113c911bdbca6ec,2021-10-11 16:01:51-07:00,TableHistograms.java,54cfbca4ba3b33e92384cbf4d113c911bdbca6ec,2021-10-11 16:01:51-07:00
before,TestTransactionServiceManager.java,22f5d22bc20df3e419440d6076c98412b4b30ae2,2022-02-02 06:10:14+01:00,TransactionServiceManager.java,596aca88530ef2e83caf05d606b61202bfa3ab5b,2022-02-02 20:59:54+01:00
after,ReadOnlyPropsTest.java,51c8b023d9054476126dff5ac485acf7a365a173,2022-07-25 07:05:18+02:00,ReadOnlyProps.java,c5b802461fce2cc9ddd696ec28ebeb47b3bea674,2014-01-27 11:16:01-08:00
same,ClusterRoleRecordGeneratorToolTest.java,b32e3005df6490f102ee22008fac67f03d72177c,2022-08-24 11:02:35-04:00,ClusterRoleRecordGeneratorTool.java,b32e3005df6490f102ee22008fac67f03d72177c,2022-08-24 11:02:35-04:00
same,ClusterRoleRecordTest.java,b32e3005df6490f102ee22008fac67f03d72177c,2022-08-24 11:02:35-04:00,ClusterRoleRecord.java,b32e3005df6490f102ee22008fac67f03d72177c,2022-08-24 11:02:35-04:00
same,FailoverPhoenixConnectionTest.java,b32e3005df6490f102ee22008fac67f03d72177c,2022-08-24 11:02:35-04:00,FailoverPhoenixConnection.java,b32e3005df6490f102ee22008fac67f03d72177c,2022-08-24 11:02:35-04:00
same,ParallelPhoenixConnectionTest.java,b32e3005df6490f102ee22008fac67f03d72177c,2022-08-24 11:02:35-04:00,ParallelPhoenixConnection.java,b32e3005df6490f102ee22008fac67f03d72177c,2022-08-24 11:02:35-04:00
same,ParallelPhoenixContextTest.java,b32e3005df6490f102ee22008fac67f03d72177c,2022-08-24 11:02:35-04:00,ParallelPhoenixContext.java,b32e3005df6490f102ee22008fac67f03d72177c,2022-08-24 11:02:35-04:00
same,ParallelPhoenixNullComparingResultSetTest.java,b32e3005df6490f102ee22008fac67f03d72177c,2022-08-24 11:02:35-04:00,ParallelPhoenixNullComparingResultSet.java,b32e3005df6490f102ee22008fac67f03d72177c,2022-08-24 11:02:35-04:00
same,ParallelPhoenixPreparedStatementTest.java,b32e3005df6490f102ee22008fac67f03d72177c,2022-08-24 11:02:35-04:00,ParallelPhoenixPreparedStatement.java,b32e3005df6490f102ee22008fac67f03d72177c,2022-08-24 11:02:35-04:00
same,ParallelPhoenixResultSetTest.java,b32e3005df6490f102ee22008fac67f03d72177c,2022-08-24 11:02:35-04:00,ParallelPhoenixResultSet.java,b32e3005df6490f102ee22008fac67f03d72177c,2022-08-24 11:02:35-04:00
same,ParallelPhoenixUtilTest.java,b32e3005df6490f102ee22008fac67f03d72177c,2022-08-24 11:02:35-04:00,ParallelPhoenixUtil.java,b32e3005df6490f102ee22008fac67f03d72177c,2022-08-24 11:02:35-04:00
same,PhoenixHAAdminToolTest.java,b32e3005df6490f102ee22008fac67f03d72177c,2022-08-24 11:02:35-04:00,PhoenixHAAdminTool.java,b32e3005df6490f102ee22008fac67f03d72177c,2022-08-24 11:02:35-04:00
same,PhoenixHAExecutorServiceProviderTest.java,b32e3005df6490f102ee22008fac67f03d72177c,2022-08-24 11:02:35-04:00,PhoenixHAExecutorServiceProvider.java,b32e3005df6490f102ee22008fac67f03d72177c,2022-08-24 11:02:35-04:00
same,LinguisticSortTest.java,e4861a3fe9e972a85cd7bd431ab886d19168a15f,2022-11-18 11:06:40+01:00,LinguisticSort.java,e4861a3fe9e972a85cd7bd431ab886d19168a15f,2022-11-18 11:06:40+01:00
after,PhoenixStatementTest.java,4e29515003b199ab4026d56693fadc0ad9efb592,2023-04-04 12:29:18-07:00,PhoenixStatement.java,50d523f6e7e3ba530128a86f0ad4b68b151213c8,2014-01-27 14:14:21-08:00
same,ConnectionQueryServicesHistogramTest.java,5d5aaca21397f91b9f3fa682cd06da7798d9fc12,2023-11-08 18:17:58-08:00,ConnectionQueryServicesHistogram.java,5d5aaca21397f91b9f3fa682cd06da7798d9fc12,2023-11-08 18:17:58-08:00
same,ConnectionQueryServicesMetricsHistogramsTest.java,5d5aaca21397f91b9f3fa682cd06da7798d9fc12,2023-11-08 18:17:58-08:00,ConnectionQueryServicesMetricsHistograms.java,5d5aaca21397f91b9f3fa682cd06da7798d9fc12,2023-11-08 18:17:58-08:00
same,ConnectionQueryServicesMetricsManagerTest.java,5d5aaca21397f91b9f3fa682cd06da7798d9fc12,2023-11-08 18:17:58-08:00,ConnectionQueryServicesMetricsManager.java,5d5aaca21397f91b9f3fa682cd06da7798d9fc12,2023-11-08 18:17:58-08:00
same,ConnectionQueryServicesMetricsTest.java,5d5aaca21397f91b9f3fa682cd06da7798d9fc12,2023-11-08 18:17:58-08:00,ConnectionQueryServicesMetrics.java,5d5aaca21397f91b9f3fa682cd06da7798d9fc12,2023-11-08 18:17:58-08:00
