type,test_file,hash_test_creation,test_creation_time,impl_file,hash_impl_creation,impl_creation_time
same,TestMemColumn.java,a8c10efccf35977193cab80b0f17d6a2f7d066d9,2012-08-31 15:37:32-07:00,MemColumn.java,a8c10efccf35977193cab80b0f17d6a2f7d066d9,2012-08-31 15:37:32-07:00
same,TestColumnIO.java,a8c10efccf35977193cab80b0f17d6a2f7d066d9,2012-08-31 15:37:32-07:00,ColumnIO.java,a8c10efccf35977193cab80b0f17d6a2f7d066d9,2012-08-31 15:37:32-07:00
same,TestTupleRecordConsumer.java,a8c10efccf35977193cab80b0f17d6a2f7d066d9,2012-08-31 15:37:32-07:00,TupleRecordConsumer.java,a8c10efccf35977193cab80b0f17d6a2f7d066d9,2012-08-31 15:37:32-07:00
after,TestMessageType.java,2302fe4656a799d20e7a86aee10459eabdc82a6f,2012-10-04 08:39:36-07:00,MessageType.java,a8c10efccf35977193cab80b0f17d6a2f7d066d9,2012-08-31 15:37:32-07:00
same,TestPigSchemaConverter.java,2302fe4656a799d20e7a86aee10459eabdc82a6f,2012-10-04 08:39:36-07:00,PigSchemaConverter.java,2302fe4656a799d20e7a86aee10459eabdc82a6f,2012-10-04 08:39:36-07:00
same,TestRedelmFileWriter.java,2302fe4656a799d20e7a86aee10459eabdc82a6f,2012-10-04 08:39:36-07:00,RedelmFileWriter.java,2302fe4656a799d20e7a86aee10459eabdc82a6f,2012-10-04 08:39:36-07:00
same,TestRedelmStorer.java,2302fe4656a799d20e7a86aee10459eabdc82a6f,2012-10-04 08:39:36-07:00,RedelmStorer.java,2302fe4656a799d20e7a86aee10459eabdc82a6f,2012-10-04 08:39:36-07:00
same,TestSummary.java,2302fe4656a799d20e7a86aee10459eabdc82a6f,2012-10-04 08:39:36-07:00,Summary.java,2302fe4656a799d20e7a86aee10459eabdc82a6f,2012-10-04 08:39:36-07:00
same,TestRedelmParser.java,1e7152b65092572a7bbe7e58dd18e163fce51cc2,2012-10-18 11:38:26-07:00,RedelmParser.java,1e7152b65092572a7bbe7e58dd18e163fce51cc2,2012-10-18 11:38:26-07:00
same,TestRecordReaderCompiler.java,73d4fde0e069b31efc63e2a91a1d7c10984d9db1,2012-12-02 22:02:44-08:00,RecordReaderCompiler.java,73d4fde0e069b31efc63e2a91a1d7c10984d9db1,2012-12-02 22:02:44-08:00
same,TestMemPageStore.java,17271e7299de20b95b88140753b6e6685ecf7c6e,2013-02-01 18:21:11-08:00,MemPageStore.java,17271e7299de20b95b88140753b6e6685ecf7c6e,2013-02-01 18:21:11-08:00
same,TestBitPacking.java,17271e7299de20b95b88140753b6e6685ecf7c6e,2013-02-01 18:21:11-08:00,BitPacking.java,17271e7299de20b95b88140753b6e6685ecf7c6e,2013-02-01 18:21:11-08:00
same,TestRedFileMetadataConverter.java,17271e7299de20b95b88140753b6e6685ecf7c6e,2013-02-01 18:21:11-08:00,RedFileMetadataConverter.java,17271e7299de20b95b88140753b6e6685ecf7c6e,2013-02-01 18:21:11-08:00
same,TestParquetProtocol.java,77097b63b08eb366a2d667b41a73e87b401dccdd,2013-02-28 10:30:20-08:00,ParquetProtocol.java,77097b63b08eb366a2d667b41a73e87b401dccdd,2013-02-28 10:30:20-08:00
same,TestThriftSchemaConverter.java,77097b63b08eb366a2d667b41a73e87b401dccdd,2013-02-28 10:30:20-08:00,ThriftSchemaConverter.java,77097b63b08eb366a2d667b41a73e87b401dccdd,2013-02-28 10:30:20-08:00
after,TestParquetReadProtocol.java,af20471a423684375533774320b874a49195d4f8,2013-03-01 16:32:46-08:00,ParquetReadProtocol.java,77097b63b08eb366a2d667b41a73e87b401dccdd,2013-02-28 10:30:20-08:00
after,TestParquetWriteProtocol.java,b9463550d01f4b0118f725ed957e6e4354b0e4ba,2013-03-06 15:32:07-08:00,ParquetWriteProtocol.java,77097b63b08eb366a2d667b41a73e87b401dccdd,2013-02-28 10:30:20-08:00
same,TestThriftToParquetFileWriter.java,668d74df8addad24ad0bd2e53a23a4ad07e5ad47,2013-03-07 16:55:07-08:00,ThriftToParquetFileWriter.java,668d74df8addad24ad0bd2e53a23a4ad07e5ad47,2013-03-07 16:55:07-08:00
before,TestDictionary.java,56faa1be0d3334fab7366c454c08da300d726e25,2013-03-27 17:59:08-07:00,Dictionary.java,e18d38bc1d6527439919e61fb19c429921acdadc,2013-04-02 18:30:35-07:00
same,TestLemireBitPacking.java,4fe082c513d9388a3eddd6a857ba576b908b54da,2013-04-11 15:06:22-07:00,LemireBitPacking.java,4fe082c513d9388a3eddd6a857ba576b908b54da,2013-04-11 15:06:22-07:00
same,TestByteBitPacking.java,bcdddf76bb16436a62167e82664b1e8bc4f2e0ed,2013-04-19 11:24:23-07:00,ByteBitPacking.java,bcdddf76bb16436a62167e82664b1e8bc4f2e0ed,2013-04-19 11:24:23-07:00
same,TestAvroSchemaConverter.java,e365840ea62f29a6cca472772bf96bee8b1a4e3c,2013-04-24 10:03:03+01:00,AvroSchemaConverter.java,e365840ea62f29a6cca472772bf96bee8b1a4e3c,2013-04-24 10:03:03+01:00
after,TestLog.java,aed56c954fba19095fd622cfaa39341b9a22c9c6,2013-04-25 14:30:47-07:00,Log.java,a8c10efccf35977193cab80b0f17d6a2f7d066d9,2012-08-31 15:37:32-07:00
after,TestCapacityByteArrayOutputStream.java,e1aa79849714d189727155ad9937436b66595256,2013-05-10 15:07:35-07:00,CapacityByteArrayOutputStream.java,b38de8abc55fb2ee9068760c38d7e0e809c1c8bd,2013-02-19 07:57:17-08:00
after,TestRunLengthBitPackingHybridEncoder.java,cd3a1238950c7821e1505396270335fab989d9b3,2013-05-29 17:45:33-07:00,RunLengthBitPackingHybridEncoder.java,b3e94326c9488270af209f0cc978b956fb2a5380,2013-05-29 15:53:55-07:00
after,TestByteBasedBitPackingEncoder.java,6e6516622b26450d2030442c9a794e3d021e262f,2013-06-06 07:55:02-07:00,ByteBasedBitPackingEncoder.java,9942ce175d35708cc7f0586b075bc3467a6a5224,2013-04-19 14:29:42-07:00
same,TestSnappyCodec.java,e440108de57199c12d66801ca93804086e7f7632,2013-06-28 14:37:11-07:00,SnappyCodec.java,e440108de57199c12d66801ca93804086e7f7632,2013-06-28 14:37:11-07:00
before,TestParquetLoader.java,fc56631a84c4dfe20300698153a86a53cc6af603,2013-07-11 14:58:19-07:00,ParquetLoader.java,b10870e4ee7d4168a7a1530494e0a8acd8e6cb3f,2015-04-27 16:11:42-07:00
same,TestHiveSchemaConverter.java,bd826ec880bc2ecda69b2bfb0b89d8dbe3c08845,2013-07-23 11:11:44+02:00,HiveSchemaConverter.java,bd826ec880bc2ecda69b2bfb0b89d8dbe3c08845,2013-07-23 11:11:44+02:00
after,TestDeprecatedParquetInputFormat.java,3ee49a5e6c52b374431dfdeeb7b01546625bbfdd,2013-07-23 11:11:45+02:00,DeprecatedParquetInputFormat.java,1f0a8a25ad7d3b2683f0f8b10449db3ff1c2de13,2013-04-28 16:05:04-07:00
after,ParquetTBaseSchemeTest.java,86ae4f87c4254a74006f807aed8199d3138cc4ad,2013-08-07 15:12:48-07:00,ParquetTBaseScheme.java,90b5eae8ba0e7230dc5c379c14ebda076b4dd283,2013-04-03 16:01:41-07:00
after,ParquetTupleSchemeTest.java,f17b83c6a6a84a5462263593bdf106804390c648,2013-08-09 13:54:11-07:00,ParquetTupleScheme.java,6b867e502c1b9cfe6b10e1e7387d93ef2969e7e4,2013-04-27 17:08:48-07:00
after,ParquetScroogeSchemeTest.java,f17b83c6a6a84a5462263593bdf106804390c648,2013-08-09 13:54:11-07:00,ParquetScroogeScheme.java,90b5eae8ba0e7230dc5c379c14ebda076b4dd283,2013-04-03 16:01:41-07:00
after,GroupReadSupportTest.java,ea62ffe142871844b605d5300bd2a07dff785f17,2013-08-15 15:25:41-07:00,GroupReadSupport.java,f2746e71fa579f5b56e055e8304ca292392e1ebb,2013-02-28 10:27:23-08:00
same,PathGlobPatternTest.java,ec4632917549fe10e4cc26c2d6b9064a9b06e5cd,2013-08-29 15:26:55-07:00,PathGlobPattern.java,ec4632917549fe10e4cc26c2d6b9064a9b06e5cd,2013-08-29 15:26:55-07:00
after,ScroogeSchemaConverterTest.java,249581dd38d82e5b36f39a25e45e84f109c12e69,2013-09-16 13:49:08-07:00,ScroogeSchemaConverter.java,a7ba48ba7caf2ef58868dca8bc710f66eac199f5,2013-09-13 11:29:19-07:00
after,CompatibilityCheckerTest.java,6d9d2b334db9db4896599f07e9a545961422db5f,2013-10-02 14:19:25-07:00,CompatibilityChecker.java,4e6863aaeb765f62322ed79bb7e82c930cb6e364,2013-10-02 14:18:52-07:00
before,TestUtils.java,5c46f055890eb86652e9b573c686190769599c29,2013-10-23 21:48:16+02:00,Utils.java,c1b616132a7625ffb0b7b3230e0738b06b49a1a3,2013-12-20 14:31:27-08:00
same,TestHiveBindingFactory.java,d2ccc72cb739ada1ce3d5ae9af7032952908352c,2013-11-26 13:30:13-06:00,HiveBindingFactory.java,d2ccc72cb739ada1ce3d5ae9af7032952908352c,2013-11-26 13:30:13-06:00
same,MapReduceCodecConfigTest.java,407a52d538c31f65e3ba313c1d7be4fb5f9831b8,2013-12-04 15:00:34-08:00,MapReduceCodecConfig.java,407a52d538c31f65e3ba313c1d7be4fb5f9831b8,2013-12-04 15:00:34-08:00
after,TestDeepParquetHiveMapInspector.java,92a47b2d9eb76ca3ee0756a934e807b8aa72b49a,2013-12-06 16:18:03+01:00,DeepParquetHiveMapInspector.java,22cf7fe9d8ef12e33b3fa43fae86fc7e8680271f,2013-10-18 17:39:12+02:00
after,TestParquetHiveArrayInspector.java,92a47b2d9eb76ca3ee0756a934e807b8aa72b49a,2013-12-06 16:18:03+01:00,ParquetHiveArrayInspector.java,bd826ec880bc2ecda69b2bfb0b89d8dbe3c08845,2013-07-23 11:11:44+02:00
after,TestStandardParquetHiveMapInspector.java,92a47b2d9eb76ca3ee0756a934e807b8aa72b49a,2013-12-06 16:18:03+01:00,StandardParquetHiveMapInspector.java,22cf7fe9d8ef12e33b3fa43fae86fc7e8680271f,2013-10-18 17:39:12+02:00
same,DeltaBinaryPackingValuesWriterTest.java,c81778533dd1c963f0cf7b8e704afd7c6259907e,2013-12-19 14:31:15-08:00,DeltaBinaryPackingValuesWriter.java,c81778533dd1c963f0cf7b8e704afd7c6259907e,2013-12-19 14:31:15-08:00
after,ProtoSchemaConverterTest.java,978e396663297338a186bac466f5ee7319943c6e,2013-12-20 12:28:27+01:00,ProtoSchemaConverter.java,5c46f055890eb86652e9b573c686190769599c29,2013-10-23 21:48:16+02:00
after,TestColumnChunkMetaData.java,f2e607efe4683f5a111dafe602951206b6ce4726,2013-12-20 15:37:55-08:00,ColumnChunkMetaData.java,17271e7299de20b95b88140753b6e6685ecf7c6e,2013-02-01 18:21:11-08:00
after,ProtobufferRecordConverterTest.java,b273684b5a4efdd49a5bc3e0e5aa70ad3abbb155,2013-12-26 21:00:45+01:00,ProtobufferRecordConverter.java,5c46f055890eb86652e9b573c686190769599c29,2013-10-23 21:48:16+02:00
after,ProtoWriteSupportTest.java,6edfa7e6ee517536dbde935c0c6cfc68e7155b44,2014-01-25 00:32:42+01:00,ProtoWriteSupport.java,5c46f055890eb86652e9b573c686190769599c29,2013-10-23 21:48:16+02:00
after,TestMapredParquetInputFormat.java,38241cc7e85e943d404f186fe684bf2ceb855de6,2014-02-10 09:16:57-06:00,MapredParquetInputFormat.java,60c651262e87540bd06f884b25c66ede491c34b7,2013-11-27 11:00:22-06:00
after,TestMapredParquetOutputFormat.java,38241cc7e85e943d404f186fe684bf2ceb855de6,2014-02-10 09:16:57-06:00,MapredParquetOutputFormat.java,60c651262e87540bd06f884b25c66ede491c34b7,2013-11-27 11:00:22-06:00
before,TestParquetInputSplit.java,1920abc2b5c2c4007e44b2c452870e24f7a0e17a,2014-03-23 19:43:48-07:00,ParquetInputSplit.java,b10870e4ee7d4168a7a1530494e0a8acd8e6cb3f,2015-04-27 16:11:42-07:00
same,TestStatistics.java,621cf4e92be3dd3f2dd1a92a8dd12f244a7d7be3,2014-03-27 16:42:15-07:00,Statistics.java,621cf4e92be3dd3f2dd1a92a8dd12f244a7d7be3,2014-03-27 16:42:15-07:00
same,TestParquetThriftStorer.java,b8149e92dd283d98132319d506248c3204718302,2014-04-08 18:36:26-07:00,ParquetThriftStorer.java,b8149e92dd283d98132319d506248c3204718302,2014-04-08 18:36:26-07:00
same,TestLruCache.java,5dffe3521588016cf3519792953b0879054c3bfd,2014-07-18 16:02:09-07:00,LruCache.java,5dffe3521588016cf3519792953b0879054c3bfd,2014-07-18 16:02:09-07:00
same,TestLogicalInverseRewriter.java,ad32bf0fd111ab473ad1080cde11de39e3c5a67f,2014-07-29 14:38:59-07:00,LogicalInverseRewriter.java,ad32bf0fd111ab473ad1080cde11de39e3c5a67f,2014-07-29 14:38:59-07:00
same,TestLogicalInverter.java,ad32bf0fd111ab473ad1080cde11de39e3c5a67f,2014-07-29 14:38:59-07:00,LogicalInverter.java,ad32bf0fd111ab473ad1080cde11de39e3c5a67f,2014-07-29 14:38:59-07:00
same,TestSchemaCompatibilityValidator.java,ad32bf0fd111ab473ad1080cde11de39e3c5a67f,2014-07-29 14:38:59-07:00,SchemaCompatibilityValidator.java,ad32bf0fd111ab473ad1080cde11de39e3c5a67f,2014-07-29 14:38:59-07:00
same,TestValidTypeMap.java,ad32bf0fd111ab473ad1080cde11de39e3c5a67f,2014-07-29 14:38:59-07:00,ValidTypeMap.java,ad32bf0fd111ab473ad1080cde11de39e3c5a67f,2014-07-29 14:38:59-07:00
same,TestIncrementallyUpdatedFilterPredicateEvaluator.java,ad32bf0fd111ab473ad1080cde11de39e3c5a67f,2014-07-29 14:38:59-07:00,IncrementallyUpdatedFilterPredicateEvaluator.java,ad32bf0fd111ab473ad1080cde11de39e3c5a67f,2014-07-29 14:38:59-07:00
same,TestIncrementallyUpdatedFilterPredicateResetter.java,ad32bf0fd111ab473ad1080cde11de39e3c5a67f,2014-07-29 14:38:59-07:00,IncrementallyUpdatedFilterPredicateResetter.java,ad32bf0fd111ab473ad1080cde11de39e3c5a67f,2014-07-29 14:38:59-07:00
same,TestRowGroupFilter.java,ad32bf0fd111ab473ad1080cde11de39e3c5a67f,2014-07-29 14:38:59-07:00,RowGroupFilter.java,ad32bf0fd111ab473ad1080cde11de39e3c5a67f,2014-07-29 14:38:59-07:00
same,TestStatisticsFilter.java,ad32bf0fd111ab473ad1080cde11de39e3c5a67f,2014-07-29 14:38:59-07:00,StatisticsFilter.java,ad32bf0fd111ab473ad1080cde11de39e3c5a67f,2014-07-29 14:38:59-07:00
same,TestSerializationUtil.java,ad32bf0fd111ab473ad1080cde11de39e3c5a67f,2014-07-29 14:38:59-07:00,SerializationUtil.java,ad32bf0fd111ab473ad1080cde11de39e3c5a67f,2014-07-29 14:38:59-07:00
after,TestUtil.java,97964f357e9e6e6eb37fbb83acebf434cd2d7d45,2014-08-29 17:33:19-07:00,Util.java,dd8077e57ea2ac96ba23a31e569ef66104a79689,2013-04-03 16:49:30-07:00
after,TestParquetWriter.java,ad06e61143d6ad3d883907e75100014b9554c357,2014-11-25 10:48:54-08:00,ParquetWriter.java,e365840ea62f29a6cca472772bf96bee8b1a4e3c,2013-04-24 10:03:03+01:00
before,TestColumnReaderImpl.java,ccc29e4dde24584118211f27c71bb01bacc39326,2014-12-04 13:16:11-08:00,ColumnReaderImpl.java,b10870e4ee7d4168a7a1530494e0a8acd8e6cb3f,2015-04-27 16:11:42-07:00
before,TestColumnChunkPageWriteStore.java,ccc29e4dde24584118211f27c71bb01bacc39326,2014-12-04 13:16:11-08:00,ColumnChunkPageWriteStore.java,b10870e4ee7d4168a7a1530494e0a8acd8e6cb3f,2015-04-27 16:11:42-07:00
same,TestMemoryManager.java,23db4eb88aa018da25563586bab322e7c1867ad5,2014-12-29 09:17:34-06:00,MemoryManager.java,23db4eb88aa018da25563586bab322e7c1867ad5,2014-12-29 09:17:34-06:00
after,TestPreconditions.java,ea81e9aac328b2a89226417e58d4d8366891a9f4,2015-03-04 17:56:52-08:00,Preconditions.java,19b369b8a7f5514c346206801773425cc333a796,2013-05-21 11:04:30-07:00
after,TestBinary.java,031a762d105bceda2049204ba54b8f8737f359b4,2015-03-11 15:11:16-07:00,Binary.java,d35c264e8f922667d9d04263df2e3b18ec9205cc,2013-03-05 10:15:13-08:00
after,TestThriftType.java,77826fda8751bd5c0acbca5d0c3887e9a6b10f65,2015-03-12 14:25:13-07:00,ThriftType.java,77097b63b08eb366a2d667b41a73e87b401dccdd,2013-02-28 10:30:20-08:00
after,TestAvroDataSupplier.java,4950ad86a16e63fa26d51cd709e39666008c5fbc,2015-04-07 09:43:55-07:00,AvroDataSupplier.java,b5f6a3bd86bfe0f186b07eb69480564d5fc854dc,2014-12-02 16:19:14+00:00
after,TestParquetTBaseScheme.java,b10870e4ee7d4168a7a1530494e0a8acd8e6cb3f,2015-04-27 16:11:42-07:00,ParquetTBaseScheme.java,90b5eae8ba0e7230dc5c379c14ebda076b4dd283,2013-04-03 16:01:41-07:00
after,TestParquetTupleScheme.java,b10870e4ee7d4168a7a1530494e0a8acd8e6cb3f,2015-04-27 16:11:42-07:00,ParquetTupleScheme.java,6b867e502c1b9cfe6b10e1e7387d93ef2969e7e4,2013-04-27 17:08:48-07:00
same,TestParquetMetadataConverter.java,b10870e4ee7d4168a7a1530494e0a8acd8e6cb3f,2015-04-27 16:11:42-07:00,ParquetMetadataConverter.java,b10870e4ee7d4168a7a1530494e0a8acd8e6cb3f,2015-04-27 16:11:42-07:00
same,TestParquetFileWriter.java,b10870e4ee7d4168a7a1530494e0a8acd8e6cb3f,2015-04-27 16:11:42-07:00,ParquetFileWriter.java,b10870e4ee7d4168a7a1530494e0a8acd8e6cb3f,2015-04-27 16:11:42-07:00
same,CodecConfigTest.java,b10870e4ee7d4168a7a1530494e0a8acd8e6cb3f,2015-04-27 16:11:42-07:00,CodecConfig.java,b10870e4ee7d4168a7a1530494e0a8acd8e6cb3f,2015-04-27 16:11:42-07:00
same,TestParquetStorer.java,b10870e4ee7d4168a7a1530494e0a8acd8e6cb3f,2015-04-27 16:11:42-07:00,ParquetStorer.java,b10870e4ee7d4168a7a1530494e0a8acd8e6cb3f,2015-04-27 16:11:42-07:00
same,ProtoRecordConverterTest.java,b10870e4ee7d4168a7a1530494e0a8acd8e6cb3f,2015-04-27 16:11:42-07:00,ProtoRecordConverter.java,b10870e4ee7d4168a7a1530494e0a8acd8e6cb3f,2015-04-27 16:11:42-07:00
same,ScroogeStructConverterTest.java,b10870e4ee7d4168a7a1530494e0a8acd8e6cb3f,2015-04-27 16:11:42-07:00,ScroogeStructConverter.java,b10870e4ee7d4168a7a1530494e0a8acd8e6cb3f,2015-04-27 16:11:42-07:00
same,TestProtocolReadToWrite.java,b10870e4ee7d4168a7a1530494e0a8acd8e6cb3f,2015-04-27 16:11:42-07:00,ProtocolReadToWrite.java,b10870e4ee7d4168a7a1530494e0a8acd8e6cb3f,2015-04-27 16:11:42-07:00
same,TestWildcardPath.java,7fc7998398373a14b4cdc0ce18abdeb221b1ccf9,2015-04-30 17:45:11-07:00,WildcardPath.java,7fc7998398373a14b4cdc0ce18abdeb221b1ccf9,2015-04-30 17:45:11-07:00
after,TestFieldsPath.java,7fc7998398373a14b4cdc0ce18abdeb221b1ccf9,2015-04-30 17:45:11-07:00,FieldsPath.java,f0d30dfb2274ef430d805d900f53ba8252f496ad,2013-09-06 09:34:32-07:00
same,TestStrictFieldProjectionFilter.java,7fc7998398373a14b4cdc0ce18abdeb221b1ccf9,2015-04-30 17:45:11-07:00,StrictFieldProjectionFilter.java,7fc7998398373a14b4cdc0ce18abdeb221b1ccf9,2015-04-30 17:45:11-07:00
after,VersionTest.java,079bcd0339f30343c01c5fd3d5521be4b822d30f,2015-06-18 17:50:28-07:00,Version.java,0c250380bd15e6491857108b9463e4b9ba3c00c9,2013-05-03 18:30:57-07:00
same,CorruptStatisticsTest.java,e3b95020f777eb5e0651977f654c1662e3ea1f29,2015-06-30 18:34:48-07:00,CorruptStatistics.java,e3b95020f777eb5e0651977f654c1662e3ea1f29,2015-06-30 18:34:48-07:00
same,SemanticVersionTest.java,e3b95020f777eb5e0651977f654c1662e3ea1f29,2015-06-30 18:34:48-07:00,SemanticVersion.java,e3b95020f777eb5e0651977f654c1662e3ea1f29,2015-06-30 18:34:48-07:00
same,TestCorruptDeltaByteArrays.java,043fcde300267e183972056a007bcf406e5c484a,2015-07-09 10:19:51-07:00,CorruptDeltaByteArrays.java,043fcde300267e183972056a007bcf406e5c484a,2015-07-09 10:19:51-07:00
after,TestThriftMetaData.java,b86f68e39dc7b6a7c2bff1e4fea3bb7c28d103f0,2015-07-31 16:57:19-07:00,ThriftMetaData.java,77097b63b08eb366a2d667b41a73e87b401dccdd,2013-02-28 10:30:20-08:00
after,TestThriftRecordConverter.java,b86f68e39dc7b6a7c2bff1e4fea3bb7c28d103f0,2015-07-31 16:57:19-07:00,ThriftRecordConverter.java,af20471a423684375533774320b874a49195d4f8,2013-03-01 16:32:46-08:00
same,TestTypeUtil.java,f203d809d7b94501a2e5409c667ba86206480f90,2015-09-11 15:14:00-07:00,TypeUtil.java,f203d809d7b94501a2e5409c667ba86206480f90,2015-09-11 15:14:00-07:00
after,TestSimpleMapRecord.java,0637e2fbcd401f47bb062d5c2d1cceddabf372b7,2015-09-17 11:46:41-07:00,SimpleMapRecord.java,0ab0013522df1dc03a68bce6e7539bbfd0ea67d9,2015-03-31 16:34:47-07:00
after,TestBytesInput.java,6b605a4ea05b66e1a6bf843353abcb4834a4ced8,2015-11-04 09:13:09-08:00,BytesInput.java,17271e7299de20b95b88140753b6e6685ecf7c6e,2013-02-01 18:21:11-08:00
same,TestDirectCodecFactory.java,6b605a4ea05b66e1a6bf843353abcb4834a4ced8,2015-11-04 09:13:09-08:00,DirectCodecFactory.java,6b605a4ea05b66e1a6bf843353abcb4834a4ced8,2015-11-04 09:13:09-08:00
after,TestColumnDescriptor.java,af9fd052d1c208f191fbdf85873f965552465598,2016-01-29 11:38:34-08:00,ColumnDescriptor.java,a8c10efccf35977193cab80b0f17d6a2f7d066d9,2012-08-31 15:37:32-07:00
same,DictionaryFilterTest.java,4b1ff8f4b9dfa0ccb064ef286cf2953bfb2c492d,2016-03-09 13:20:37-08:00,DictionaryFilter.java,4b1ff8f4b9dfa0ccb064ef286cf2953bfb2c492d,2016-03-09 13:20:37-08:00
after,IntListTest.java,36ce032b612fc0a1156d28bca7327e06337c8815,2016-04-20 20:47:49-07:00,IntList.java,fc0c7cdd92c703784b9dfa4f891ee2be59f4d7b0,2013-04-29 08:23:47-07:00
same,DeltaBinaryPackingValuesWriterForLongTest.java,8bcfe6c55e2588c1047368b4edbf733d1c1d5381,2016-04-21 11:37:51-07:00,DeltaBinaryPackingValuesWriterForLong.java,8bcfe6c55e2588c1047368b4edbf733d1c1d5381,2016-04-21 11:37:51-07:00
same,TestEncodingStats.java,3dd2210e79a8eb84378c370b32652f9a53f87a93,2016-04-22 17:39:52-07:00,EncodingStats.java,3dd2210e79a8eb84378c370b32652f9a53f87a93,2016-04-22 17:39:52-07:00
same,TestJsonRecordFormatter.java,da69d4b764f4d13d38a4f7fe7462ef0c7d17c619,2016-05-05 13:56:53-07:00,JsonRecordFormatter.java,da69d4b764f4d13d38a4f7fe7462ef0c7d17c619,2016-05-05 13:56:53-07:00
same,DefaultValuesWriterFactoryTest.java,30aa91012cf6019bb9720609c1d03b5386a87ffb,2016-08-11 13:30:43-07:00,DefaultValuesWriterFactory.java,30aa91012cf6019bb9720609c1d03b5386a87ffb,2016-08-11 13:30:43-07:00
after,TestSchemaConverter.java,cf991604d75d446d02baddc536c7c05b43cd8dea,2016-11-09 08:58:59-08:00,SchemaConverter.java,a8c10efccf35977193cab80b0f17d6a2f7d066d9,2012-08-31 15:37:32-07:00
same,TestDecimalUtils.java,9d58b6a83aa79dcad01c3bcc2ec0a7db74ba83b1,2017-06-07 15:22:28-07:00,DecimalUtils.java,9d58b6a83aa79dcad01c3bcc2ec0a7db74ba83b1,2017-06-07 15:22:28-07:00
same,TestDynConstructors.java,ddbeb4dd17d9c219b99b1e66d8be28efe37e3aa6,2017-07-28 16:25:21-07:00,DynConstructors.java,ddbeb4dd17d9c219b99b1e66d8be28efe37e3aa6,2017-07-28 16:25:21-07:00
same,TestDynMethods.java,ddbeb4dd17d9c219b99b1e66d8be28efe37e3aa6,2017-07-28 16:25:21-07:00,DynMethods.java,ddbeb4dd17d9c219b99b1e66d8be28efe37e3aa6,2017-07-28 16:25:21-07:00
same,TestPrimitiveComparator.java,c6764c4a0848abf1d581e22df8b33e28ee9f2ced,2018-01-12 16:29:48-08:00,PrimitiveComparator.java,c6764c4a0848abf1d581e22df8b33e28ee9f2ced,2018-01-12 16:29:48-08:00
same,TestPrimitiveStringifier.java,89aeec028b6f56be96b9c56c2fdbb931f80853ad,2018-01-22 17:21:27+01:00,PrimitiveStringifier.java,89aeec028b6f56be96b9c56c2fdbb931f80853ad,2018-01-22 17:21:27+01:00
same,TestMultiBufferInputStream.java,8bbc6cb95fd9b4b9e86c924ca1e40fd555ecac1d,2018-02-21 09:40:07-08:00,MultiBufferInputStream.java,8bbc6cb95fd9b4b9e86c924ca1e40fd555ecac1d,2018-02-21 09:40:07-08:00
same,TestSingleBufferInputStream.java,8bbc6cb95fd9b4b9e86c924ca1e40fd555ecac1d,2018-02-21 09:40:07-08:00,SingleBufferInputStream.java,8bbc6cb95fd9b4b9e86c924ca1e40fd555ecac1d,2018-02-21 09:40:07-08:00
same,TestBinaryTruncator.java,e7db9e20f52c925a207ea62d6dda6dc4e870294e,2018-10-18 14:08:13+02:00,BinaryTruncator.java,e7db9e20f52c925a207ea62d6dda6dc4e870294e,2018-10-18 14:08:13+02:00
same,TestBoundaryOrder.java,e7db9e20f52c925a207ea62d6dda6dc4e870294e,2018-10-18 14:08:13+02:00,BoundaryOrder.java,e7db9e20f52c925a207ea62d6dda6dc4e870294e,2018-10-18 14:08:13+02:00
same,TestColumnIndexBuilder.java,e7db9e20f52c925a207ea62d6dda6dc4e870294e,2018-10-18 14:08:13+02:00,ColumnIndexBuilder.java,e7db9e20f52c925a207ea62d6dda6dc4e870294e,2018-10-18 14:08:13+02:00
same,TestIndexIterator.java,e7db9e20f52c925a207ea62d6dda6dc4e870294e,2018-10-18 14:08:13+02:00,IndexIterator.java,e7db9e20f52c925a207ea62d6dda6dc4e870294e,2018-10-18 14:08:13+02:00
same,TestOffsetIndexBuilder.java,e7db9e20f52c925a207ea62d6dda6dc4e870294e,2018-10-18 14:08:13+02:00,OffsetIndexBuilder.java,e7db9e20f52c925a207ea62d6dda6dc4e870294e,2018-10-18 14:08:13+02:00
same,TestColumnIndexFilter.java,e7db9e20f52c925a207ea62d6dda6dc4e870294e,2018-10-18 14:08:13+02:00,ColumnIndexFilter.java,e7db9e20f52c925a207ea62d6dda6dc4e870294e,2018-10-18 14:08:13+02:00
same,TestRowRanges.java,e7db9e20f52c925a207ea62d6dda6dc4e870294e,2018-10-18 14:08:13+02:00,RowRanges.java,e7db9e20f52c925a207ea62d6dda6dc4e870294e,2018-10-18 14:08:13+02:00
after,TestSimpleRecordConverter.java,9461845576fd762e6a9b8d17c551f38c351b017d,2019-02-12 13:04:38+01:00,SimpleRecordConverter.java,81028366038e22cff7a3f62e8eab6d00758f978e,2014-02-18 13:31:18-06:00
after,CSVSchemaCommandTest.java,c3e1a849d02042b324e4f72e1e4bba6c2a8da5bc,2019-05-27 13:59:52+02:00,CSVSchemaCommand.java,ddbeb4dd17d9c219b99b1e66d8be28efe37e3aa6,2017-07-28 16:25:21-07:00
after,CatCommandTest.java,c3e1a849d02042b324e4f72e1e4bba6c2a8da5bc,2019-05-27 13:59:52+02:00,CatCommand.java,81028366038e22cff7a3f62e8eab6d00758f978e,2014-02-18 13:31:18-06:00
after,CheckParquet251CommandTest.java,c3e1a849d02042b324e4f72e1e4bba6c2a8da5bc,2019-05-27 13:59:52+02:00,CheckParquet251Command.java,ddbeb4dd17d9c219b99b1e66d8be28efe37e3aa6,2017-07-28 16:25:21-07:00
after,ConvertCSVCommandTest.java,c3e1a849d02042b324e4f72e1e4bba6c2a8da5bc,2019-05-27 13:59:52+02:00,ConvertCSVCommand.java,ddbeb4dd17d9c219b99b1e66d8be28efe37e3aa6,2017-07-28 16:25:21-07:00
after,ConvertCommandTest.java,c3e1a849d02042b324e4f72e1e4bba6c2a8da5bc,2019-05-27 13:59:52+02:00,ConvertCommand.java,ddbeb4dd17d9c219b99b1e66d8be28efe37e3aa6,2017-07-28 16:25:21-07:00
after,ParquetMetadataCommandTest.java,c3e1a849d02042b324e4f72e1e4bba6c2a8da5bc,2019-05-27 13:59:52+02:00,ParquetMetadataCommand.java,ddbeb4dd17d9c219b99b1e66d8be28efe37e3aa6,2017-07-28 16:25:21-07:00
after,SchemaCommandTest.java,c3e1a849d02042b324e4f72e1e4bba6c2a8da5bc,2019-05-27 13:59:52+02:00,SchemaCommand.java,ddbeb4dd17d9c219b99b1e66d8be28efe37e3aa6,2017-07-28 16:25:21-07:00
after,ShowDictionaryCommandTest.java,c3e1a849d02042b324e4f72e1e4bba6c2a8da5bc,2019-05-27 13:59:52+02:00,ShowDictionaryCommand.java,ddbeb4dd17d9c219b99b1e66d8be28efe37e3aa6,2017-07-28 16:25:21-07:00
after,ShowPagesCommandTest.java,c3e1a849d02042b324e4f72e1e4bba6c2a8da5bc,2019-05-27 13:59:52+02:00,ShowPagesCommand.java,ddbeb4dd17d9c219b99b1e66d8be28efe37e3aa6,2017-07-28 16:25:21-07:00
after,ToAvroCommandTest.java,c3e1a849d02042b324e4f72e1e4bba6c2a8da5bc,2019-05-27 13:59:52+02:00,ToAvroCommand.java,ddbeb4dd17d9c219b99b1e66d8be28efe37e3aa6,2017-07-28 16:25:21-07:00
after,BaseCommandTest.java,f1a719b264cec72e17db463aaa413d3871d068a6,2019-05-27 16:22:31+02:00,BaseCommand.java,ddbeb4dd17d9c219b99b1e66d8be28efe37e3aa6,2017-07-28 16:25:21-07:00
same,ByteStreamSplitValuesReaderTest.java,3bbf66c2551bb9cc36b6a41d4b3820cd9fc72c77,2020-02-12 12:38:19+01:00,ByteStreamSplitValuesReader.java,3bbf66c2551bb9cc36b6a41d4b3820cd9fc72c77,2020-02-12 12:38:19+01:00
same,ByteStreamSplitValuesWriterTest.java,3bbf66c2551bb9cc36b6a41d4b3820cd9fc72c77,2020-02-12 12:38:19+01:00,ByteStreamSplitValuesWriter.java,3bbf66c2551bb9cc36b6a41d4b3820cd9fc72c77,2020-02-12 12:38:19+01:00
same,TestPruneColumnsCommand.java,a0c9e696d424d4289653cba5d6b1e70b25ae96be,2020-02-25 10:53:13+01:00,PruneColumnsCommand.java,a0c9e696d424d4289653cba5d6b1e70b25ae96be,2020-02-25 10:53:13+01:00
same,TestBlockSplitBloomFilter.java,806037c080dc477798d157cd4a54a81240a85d37,2020-02-26 14:18:36+01:00,BlockSplitBloomFilter.java,806037c080dc477798d157cd4a54a81240a85d37,2020-02-26 14:18:36+01:00
same,ColumnSizeCommandTest.java,d00b2f105f9f732e310ed43c7bfb318213e1ac81,2020-04-01 11:49:46+02:00,ColumnSizeCommand.java,d00b2f105f9f732e310ed43c7bfb318213e1ac81,2020-04-01 11:49:46+02:00
same,TestColumnSizeCommand.java,d00b2f105f9f732e310ed43c7bfb318213e1ac81,2020-04-01 11:49:46+02:00,ColumnSizeCommand.java,d00b2f105f9f732e310ed43c7bfb318213e1ac81,2020-04-01 11:49:46+02:00
same,TestZstandardCodec.java,dc40b598a003dc8da38cadd576c9a36ece1eea1f,2020-06-03 09:17:15+02:00,ZstandardCodec.java,dc40b598a003dc8da38cadd576c9a36ece1eea1f,2020-06-03 09:17:15+02:00
same,DecryptionPropertiesFactoryTest.java,65b95fb72be8f5a8a193a6f7bc4560fdcd742fc7,2020-07-29 09:52:54+02:00,DecryptionPropertiesFactory.java,65b95fb72be8f5a8a193a6f7bc4560fdcd742fc7,2020-07-29 09:52:54+02:00
same,EncryptionPropertiesFactoryTest.java,65b95fb72be8f5a8a193a6f7bc4560fdcd742fc7,2020-07-29 09:52:54+02:00,EncryptionPropertiesFactory.java,65b95fb72be8f5a8a193a6f7bc4560fdcd742fc7,2020-07-29 09:52:54+02:00
after,MainTest.java,05605840dc6f45bbdb9ff9d730d5cbf996747454,2020-10-21 22:14:52+02:00,Main.java,81028366038e22cff7a3f62e8eab6d00758f978e,2014-02-18 13:31:18-06:00
after,TransCompressionCommandTest.java,05605840dc6f45bbdb9ff9d730d5cbf996747454,2020-10-21 22:14:52+02:00,TransCompressionCommand.java,e4988f3489663b99ff35a8573bab5522d5e6dcf8,2020-06-23 11:40:04+02:00
same,ColumnMaskerTest.java,89c5c25d44f8959d1a66493c06630ab0060cf346,2020-11-12 17:05:33+01:00,ColumnMasker.java,89c5c25d44f8959d1a66493c06630ab0060cf346,2020-11-12 17:05:33+01:00
after,TestThriftSchemaConvertVisitor.java,217561a99f2b4b4382f1f2c69fbcd03fd9bbc3ff,2021-01-27 09:57:35+01:00,ThriftSchemaConvertVisitor.java,b10870e4ee7d4168a7a1530494e0a8acd8e6cb3f,2015-04-27 16:11:42-07:00
same,ShowFooterCommandTest.java,5608695f5777de1eb0899d9075ec9411cfdf31d3,2021-03-19 11:21:36+01:00,ShowFooterCommand.java,5608695f5777de1eb0899d9075ec9411cfdf31d3,2021-03-19 11:21:36+01:00
after,TestAvroWriteSupport.java,c3009c1da0060257554df727ed0c0d448781ce14,2021-06-22 09:58:50+02:00,AvroWriteSupport.java,e365840ea62f29a6cca472772bf96bee8b1a4e3c,2013-04-24 10:03:03+01:00
same,ColumnEncryptorTest.java,1adc22804a700d78f8480667d083e91d6147339f,2021-10-04 14:04:27-07:00,ColumnEncryptor.java,1adc22804a700d78f8480667d083e91d6147339f,2021-10-04 14:04:27-07:00
after,TestParquetReader.java,c7bff519094920a8609df6cbd98821a43ed779e3,2022-03-19 17:00:24-07:00,ParquetReader.java,e365840ea62f29a6cca472772bf96bee8b1a4e3c,2013-04-24 10:03:03+01:00
same,ShowBloomFilterCommandTest.java,e990eb3f14c39273e46a9fce07ec85d2edf7fccb,2022-07-02 09:51:40-07:00,ShowBloomFilterCommand.java,e990eb3f14c39273e46a9fce07ec85d2edf7fccb,2022-07-02 09:51:40-07:00
same,ScanCommandTest.java,d057b39d93014fe40f5067ee4a33621e65c91552,2022-11-07 09:21:20-08:00,ScanCommand.java,d057b39d93014fe40f5067ee4a33621e65c91552,2022-11-07 09:21:20-08:00
same,ParquetRewriterTest.java,d6417dfad59c1423e358a5e859c332abd1244d2f,2023-01-29 21:25:17+01:00,ParquetRewriter.java,d6417dfad59c1423e358a5e859c332abd1244d2f,2023-01-29 21:25:17+01:00
same,RewriteCommandTest.java,79e29d44b7994bf817e4ef272dcfd54bf1c89618,2023-02-27 08:43:29+01:00,RewriteCommand.java,79e29d44b7994bf817e4ef272dcfd54bf1c89618,2023-02-27 08:43:29+01:00
same,TestByteBitPacking512VectorLE.java,d730fa7466f9fa15e1e4a4254f22af9c6783acdc,2023-03-04 21:51:30+08:00,ByteBitPacking512VectorLE.java,d730fa7466f9fa15e1e4a4254f22af9c6783acdc,2023-03-04 21:51:30+08:00
same,TestParquetReadRouter.java,d730fa7466f9fa15e1e4a4254f22af9c6783acdc,2023-03-04 21:51:30+08:00,ParquetReadRouter.java,d730fa7466f9fa15e1e4a4254f22af9c6783acdc,2023-03-04 21:51:30+08:00
after,TestAvroRecordConverter.java,ca51a21efa00575dbc8dc91c31ee1ba41c59ace7,2023-05-05 09:32:52+02:00,AvroRecordConverter.java,a458e1a2f3cd1ccd692f1530b64d3143c9beda51,2015-05-18 10:08:32-07:00
same,TestIndexCache.java,514cc6c257fe8e618b100a19d86d304f6442cb94,2023-10-30 09:54:02+08:00,IndexCache.java,514cc6c257fe8e618b100a19d86d304f6442cb94,2023-10-30 09:54:02+08:00
