type,hash_test_creation,test_file,hash_test_impl,impl_file
same,c8b3f3b16f60151f12ce0de8f8d3632e1434a60a,TestMessageLogger.java,c8b3f3b16f60151f12ce0de8f8d3632e1434a60a,MessageLogger.java
same,c8b3f3b16f60151f12ce0de8f8d3632e1434a60a,TestMessageLoggerFactory.java,c8b3f3b16f60151f12ce0de8f8d3632e1434a60a,MessageLoggerFactory.java
same,c8b3f3b16f60151f12ce0de8f8d3632e1434a60a,GatewayFilterTest.java,c8b3f3b16f60151f12ce0de8f8d3632e1434a60a,GatewayFilter.java
before,c8b3f3b16f60151f12ce0de8f8d3632e1434a60a,GatewayConfigTest.java,43b754dd18c04d68ce5e7fd34997a5c49b7e7159,GatewayConfig.java
same,c8b3f3b16f60151f12ce0de8f8d3632e1434a60a,HtmlUrlRewritingOutputStreamTest.java,c8b3f3b16f60151f12ce0de8f8d3632e1434a60a,HtmlUrlRewritingOutputStream.java
same,c8b3f3b16f60151f12ce0de8f8d3632e1434a60a,MessagesTest.java,c8b3f3b16f60151f12ce0de8f8d3632e1434a60a,Messages.java
same,c8b3f3b16f60151f12ce0de8f8d3632e1434a60a,ResourcesTest.java,c8b3f3b16f60151f12ce0de8f8d3632e1434a60a,Resources.java
same,c8b3f3b16f60151f12ce0de8f8d3632e1434a60a,EmbeddedApacheDirectoryServerTest.java,c8b3f3b16f60151f12ce0de8f8d3632e1434a60a,EmbeddedApacheDirectoryServer.java
same,c8b3f3b16f60151f12ce0de8f8d3632e1434a60a,PathMapTest.java,c8b3f3b16f60151f12ce0de8f8d3632e1434a60a,PathMap.java
same,c8b3f3b16f60151f12ce0de8f8d3632e1434a60a,UrlRewriterTest.java,c8b3f3b16f60151f12ce0de8f8d3632e1434a60a,UrlRewriter.java
same,c8b3f3b16f60151f12ce0de8f8d3632e1434a60a,ExpanderTest.java,c8b3f3b16f60151f12ce0de8f8d3632e1434a60a,Expander.java
same,c8b3f3b16f60151f12ce0de8f8d3632e1434a60a,ExtractorTest.java,c8b3f3b16f60151f12ce0de8f8d3632e1434a60a,Extractor.java
same,c8b3f3b16f60151f12ce0de8f8d3632e1434a60a,ParserTest.java,c8b3f3b16f60151f12ce0de8f8d3632e1434a60a,Parser.java
same,c8b3f3b16f60151f12ce0de8f8d3632e1434a60a,RewriterTest.java,c8b3f3b16f60151f12ce0de8f8d3632e1434a60a,Rewriter.java
after,88d58477d2bbe6adea5a315c6b1bd833949ee57c,MatcherTest.java,c8b3f3b16f60151f12ce0de8f8d3632e1434a60a,Matcher.java
after,f1c242025e67b02917ab7a781875cf557622bf7c,SegmentTest.java,c8b3f3b16f60151f12ce0de8f8d3632e1434a60a,Segment.java
after,9bcc9a37a3cddf39e02acb92c4265a8f63bf93b5,TemplateTest.java,c8b3f3b16f60151f12ce0de8f8d3632e1434a60a,Template.java
same,5dd00a0063bab4fc886895ebd73eefbbf0f63439,FileClusterTopologyProviderTest.java,5dd00a0063bab4fc886895ebd73eefbbf0f63439,FileClusterTopologyProvider.java
same,5dd00a0063bab4fc886895ebd73eefbbf0f63439,ClusterTopologyRulesModuleTest.java,5dd00a0063bab4fc886895ebd73eefbbf0f63439,ClusterTopologyRulesModule.java
after,a364e4523a35c819f7f3ea3900654c2ac56ab1ba,ClusterDescriptorTest.java,07be2d1261c3290160cbc32fbda22e9146648d54,ClusterDescriptor.java
after,a364e4523a35c819f7f3ea3900654c2ac56ab1ba,XmlClusterDescriptorExporterTest.java,07be2d1261c3290160cbc32fbda22e9146648d54,XmlClusterDescriptorExporter.java
after,a364e4523a35c819f7f3ea3900654c2ac56ab1ba,XmlClusterDescriptorImporterTest.java,07be2d1261c3290160cbc32fbda22e9146648d54,XmlClusterDescriptorImporter.java
after,44e4b761bc9a885bbc03f0ba60166bf3f8ee1838,ClusterDeploymentFactoryTest.java,07be2d1261c3290160cbc32fbda22e9146648d54,ClusterDeploymentFactory.java
after,0a46ee9e72814cd5cf468af0299d60deed9265e9,IdentityAssertionHttpServletRequestWrapperTest.java,8f1a5aaabec4aaef70cd049bb518d869247099cf,IdentityAssertionHttpServletRequestWrapper.java
same,01da3efdf8947616a9d23a572dd80927915f0cc4,PrincipalMapperTest.java,01da3efdf8947616a9d23a572dd80927915f0cc4,PrincipalMapper.java
same,6ba3d344ec1640e160479e2b1d2b2630eb50bdc7,UrlRewriteProcessorTest.java,6ba3d344ec1640e160479e2b1d2b2630eb50bdc7,UrlRewriteProcessor.java
same,6ba3d344ec1640e160479e2b1d2b2630eb50bdc7,UrlRewriteRulesDescriptorFactoryTest.java,6ba3d344ec1640e160479e2b1d2b2630eb50bdc7,UrlRewriteRulesDescriptorFactory.java
same,6ba3d344ec1640e160479e2b1d2b2630eb50bdc7,UrlRewriteServletContextListenerTest.java,6ba3d344ec1640e160479e2b1d2b2630eb50bdc7,UrlRewriteServletContextListener.java
same,6ba3d344ec1640e160479e2b1d2b2630eb50bdc7,UrlRewriteServletFilterTest.java,6ba3d344ec1640e160479e2b1d2b2630eb50bdc7,UrlRewriteServletFilter.java
same,6ba3d344ec1640e160479e2b1d2b2630eb50bdc7,JsonFilterReaderTest.java,6ba3d344ec1640e160479e2b1d2b2630eb50bdc7,JsonFilterReader.java
same,6ba3d344ec1640e160479e2b1d2b2630eb50bdc7,XmlFilterReaderTest.java,6ba3d344ec1640e160479e2b1d2b2630eb50bdc7,XmlFilterReader.java
same,6ba3d344ec1640e160479e2b1d2b2630eb50bdc7,XmlUrlRewriteRulesExporterTest.java,6ba3d344ec1640e160479e2b1d2b2630eb50bdc7,XmlUrlRewriteRulesExporter.java
same,6ba3d344ec1640e160479e2b1d2b2630eb50bdc7,HtmlFilterReaderTest.java,6ba3d344ec1640e160479e2b1d2b2630eb50bdc7,HtmlFilterReader.java
same,e29ffd9feab0a84afc53c80b5a63cbb9721b91a3,UrlRewriteActionQueryDecodeProcessorTest.java,e29ffd9feab0a84afc53c80b5a63cbb9721b91a3,UrlRewriteActionQueryDecodeProcessor.java
same,e29ffd9feab0a84afc53c80b5a63cbb9721b91a3,UrlRewriteActionQueryEncodeProcessorTest.java,e29ffd9feab0a84afc53c80b5a63cbb9721b91a3,UrlRewriteActionQueryEncodeProcessor.java
after,e29ffd9feab0a84afc53c80b5a63cbb9721b91a3,UrlRewriteStepProcessorStateTest.java,6ba3d344ec1640e160479e2b1d2b2630eb50bdc7,UrlRewriteStepProcessorState.java
same,31f94d7b6aae34a492b80bfb7fece1e6cef8c237,HostmapFunctionDescriptorTest.java,31f94d7b6aae34a492b80bfb7fece1e6cef8c237,HostmapFunctionDescriptor.java
same,31f94d7b6aae34a492b80bfb7fece1e6cef8c237,HostmapDeploymentContributorTest.java,31f94d7b6aae34a492b80bfb7fece1e6cef8c237,HostmapDeploymentContributor.java
same,31f94d7b6aae34a492b80bfb7fece1e6cef8c237,HostmapFunctionProcessorTest.java,31f94d7b6aae34a492b80bfb7fece1e6cef8c237,HostmapFunctionProcessor.java
same,1a0a7d0c6ba1b988313b2602c5a0a3a8bb4afe22,SecureQueryDeploymentContributorTest.java,1a0a7d0c6ba1b988313b2602c5a0a3a8bb4afe22,SecureQueryDeploymentContributor.java
same,64998fa2861f926c09a04b85985c8a3e110658e0,CryptoServiceTest.java,64998fa2861f926c09a04b85985c8a3e110658e0,CryptoService.java
after,9bc18c56485c8798ce5fbe2f4f1b339d7a970a49,UrlRewriteResponseTest.java,c8b3f3b16f60151f12ce0de8f8d3632e1434a60a,UrlRewriteResponse.java
after,f5be7d7108cbb3c7df598dc241ba4441ee462f7f,UrlRewriteContextImplTest.java,6ba3d344ec1640e160479e2b1d2b2630eb50bdc7,UrlRewriteContextImpl.java
same,ba9dc3e5f55a54753b15108e2a64bc5ab67cd15f,JWTTokenTest.java,ba9dc3e5f55a54753b15108e2a64bc5ab67cd15f,JWTToken.java
after,9b2e384f2c7f1775a25891b836a003710385cb82,ConfigTest.java,c8b3f3b16f60151f12ce0de8f8d3632e1434a60a,Config.java
same,61ca72e10893fac097643aab490147408a306046,JsonUtilsTest.java,61ca72e10893fac097643aab490147408a306046,JsonUtils.java
same,47b1d04b12399ccc142685d08488e653d86b3c07,CMFKeystoreServiceTest.java,47b1d04b12399ccc142685d08488e653d86b3c07,CMFKeystoreService.java
same,47b1d04b12399ccc142685d08488e653d86b3c07,CMFMasterServiceTest.java,47b1d04b12399ccc142685d08488e653d86b3c07,CMFMasterService.java
same,47b1d04b12399ccc142685d08488e653d86b3c07,TestCMFMasterService.java,47b1d04b12399ccc142685d08488e653d86b3c07,CMFMasterService.java
same,874d6fedf1f73ec2e1f0e04d21999bf0311fba53,PropertyTopologyBuilderTest.java,874d6fedf1f73ec2e1f0e04d21999bf0311fba53,PropertyTopologyBuilder.java
same,7c91f04411adc6046edb8c41c3c1bfe8a60f5d78,HtmlFilterReaderBaseTest.java,7c91f04411adc6046edb8c41c3c1bfe8a60f5d78,HtmlFilterReaderBase.java
after,7c91f04411adc6046edb8c41c3c1bfe8a60f5d78,TestJsonFilterReader.java,6ba3d344ec1640e160479e2b1d2b2630eb50bdc7,JsonFilterReader.java
same,7c91f04411adc6046edb8c41c3c1bfe8a60f5d78,JsonPathTest.java,7c91f04411adc6046edb8c41c3c1bfe8a60f5d78,JsonPath.java
same,7c91f04411adc6046edb8c41c3c1bfe8a60f5d78,MimeTypeMapTest.java,7c91f04411adc6046edb8c41c3c1bfe8a60f5d78,MimeTypeMap.java
same,e36fc4a3151d208e4327132f2bffb9e383d2c060,AppCookieManagerTest.java,e36fc4a3151d208e4327132f2bffb9e383d2c060,AppCookieManager.java
same,9e4aaf303fa28c7cabd955e3ebbb8c81f6820b28,UsernameFunctionDescriptorTest.java,9e4aaf303fa28c7cabd955e3ebbb8c81f6820b28,UsernameFunctionDescriptor.java
same,9e4aaf303fa28c7cabd955e3ebbb8c81f6820b28,UsernameFunctionProcessorTest.java,9e4aaf303fa28c7cabd955e3ebbb8c81f6820b28,UsernameFunctionProcessor.java
after,52eb9886b55c59b5bc6a877426c050c272b85605,UrlRewriteServletEnvironmentTest.java,31f94d7b6aae34a492b80bfb7fece1e6cef8c237,UrlRewriteServletEnvironment.java
same,2f135e165e6fbff3221e27e52e5360cbe4c6a870,ServiceAddressFunctionDescriptorTest.java,2f135e165e6fbff3221e27e52e5360cbe4c6a870,ServiceAddressFunctionDescriptor.java
same,2f135e165e6fbff3221e27e52e5360cbe4c6a870,ServiceHostFunctionDescriptorTest.java,2f135e165e6fbff3221e27e52e5360cbe4c6a870,ServiceHostFunctionDescriptor.java
same,2f135e165e6fbff3221e27e52e5360cbe4c6a870,ServicePathFunctionDescriptorTest.java,2f135e165e6fbff3221e27e52e5360cbe4c6a870,ServicePathFunctionDescriptor.java
same,2f135e165e6fbff3221e27e52e5360cbe4c6a870,ServicePortFunctionDescriptorTest.java,2f135e165e6fbff3221e27e52e5360cbe4c6a870,ServicePortFunctionDescriptor.java
same,2f135e165e6fbff3221e27e52e5360cbe4c6a870,ServiceSchemeFunctionDescriptorTest.java,2f135e165e6fbff3221e27e52e5360cbe4c6a870,ServiceSchemeFunctionDescriptor.java
same,2f135e165e6fbff3221e27e52e5360cbe4c6a870,ServiceUrlFunctionDescriptorTest.java,2f135e165e6fbff3221e27e52e5360cbe4c6a870,ServiceUrlFunctionDescriptor.java
same,2f135e165e6fbff3221e27e52e5360cbe4c6a870,ServiceAddressFunctionProcessorTest.java,2f135e165e6fbff3221e27e52e5360cbe4c6a870,ServiceAddressFunctionProcessor.java
same,2f135e165e6fbff3221e27e52e5360cbe4c6a870,ServiceHostFunctionProcessorTest.java,2f135e165e6fbff3221e27e52e5360cbe4c6a870,ServiceHostFunctionProcessor.java
same,2f135e165e6fbff3221e27e52e5360cbe4c6a870,ServicePathFunctionProcessorTest.java,2f135e165e6fbff3221e27e52e5360cbe4c6a870,ServicePathFunctionProcessor.java
same,2f135e165e6fbff3221e27e52e5360cbe4c6a870,ServicePortFunctionProcessorTest.java,2f135e165e6fbff3221e27e52e5360cbe4c6a870,ServicePortFunctionProcessor.java
same,2f135e165e6fbff3221e27e52e5360cbe4c6a870,ServiceSchemeFunctionProcessorTest.java,2f135e165e6fbff3221e27e52e5360cbe4c6a870,ServiceSchemeFunctionProcessor.java
same,2f135e165e6fbff3221e27e52e5360cbe4c6a870,ServiceUrlFunctionProcessorTest.java,2f135e165e6fbff3221e27e52e5360cbe4c6a870,ServiceUrlFunctionProcessor.java
after,2f135e165e6fbff3221e27e52e5360cbe4c6a870,OozieDeploymentContributorTest.java,8348fea4b23c83bd12e20f0840cc6951bd0d7c2d,OozieDeploymentContributor.java
same,e338fe64f94dfa5365b699faa6f8621ce3f59bf2,ServiceMappedAddressFunctionProcessorTest.java,e338fe64f94dfa5365b699faa6f8621ce3f59bf2,ServiceMappedAddressFunctionProcessor.java
same,e338fe64f94dfa5365b699faa6f8621ce3f59bf2,ServiceMappedHostFunctionProcessorTest.java,e338fe64f94dfa5365b699faa6f8621ce3f59bf2,ServiceMappedHostFunctionProcessor.java
same,e338fe64f94dfa5365b699faa6f8621ce3f59bf2,ServiceMappedUrlFunctionProcessorTest.java,e338fe64f94dfa5365b699faa6f8621ce3f59bf2,ServiceMappedUrlFunctionProcessor.java
after,e338fe64f94dfa5365b699faa6f8621ce3f59bf2,FileBasedHostMapperTest.java,e60093da1fe79f8bfec53a7a8500df0cce96e8a6,FileBasedHostMapper.java
same,e338fe64f94dfa5365b699faa6f8621ce3f59bf2,FunctionTest.java,e338fe64f94dfa5365b699faa6f8621ce3f59bf2,Function.java
same,17f2787850682e727babfe368031c11c699f29a4,PartiallyRepeatableHttpEntityTest.java,17f2787850682e727babfe368031c11c699f29a4,PartiallyRepeatableHttpEntity.java
same,f7985c7702660c5a761278d6d0419101f1f55cc5,CappedBufferHttpEntityTest.java,f7985c7702660c5a761278d6d0419101f1f55cc5,CappedBufferHttpEntity.java
same,ef3ec3546e3dedcc2b8c399fa386dd38b161d83b,GenericProviderDeploymentContributorTest.java,ef3ec3546e3dedcc2b8c399fa386dd38b161d83b,GenericProviderDeploymentContributor.java
after,184ee06e10def9be34be9feaa2e864080edb92b0,TestProviderDeploymentContributor.java,da30b265f981f70904ccab02172d272b454ed82c,ProviderDeploymentContributor.java
after,184ee06e10def9be34be9feaa2e864080edb92b0,TestServiceDeploymentContributor.java,da30b265f981f70904ccab02172d272b454ed82c,ServiceDeploymentContributor.java
same,b5ba2c01640bf2f9bd954942dc183917a07cec32,KnoxLdapRealmTest.java,b5ba2c01640bf2f9bd954942dc183917a07cec32,KnoxLdapRealm.java
same,79feb9364755ebd4a67018fb48a100ca3333e54d,IpAddressValidatorTest.java,79feb9364755ebd4a67018fb48a100ca3333e54d,IpAddressValidator.java
same,a9e7deaeef46104faf10146aed9f5084b3275d84,KnoxCLITest.java,a9e7deaeef46104faf10146aed9f5084b3275d84,KnoxCLI.java
same,f69acbbc4d02c12884101e7c8145efb77ef98f59,AuditLayoutTest.java,f69acbbc4d02c12884101e7c8145efb77ef98f59,AuditLayout.java
same,f69acbbc4d02c12884101e7c8145efb77ef98f59,AuditServiceTest.java,f69acbbc4d02c12884101e7c8145efb77ef98f59,AuditService.java
same,f69acbbc4d02c12884101e7c8145efb77ef98f59,JdbmQueueTest.java,f69acbbc4d02c12884101e7c8145efb77ef98f59,JdbmQueue.java
after,cb5fce360b06e7a1b77e58b6366075daccd3132e,ShiroDeploymentContributorTest.java,9f6aa34e605e6f209ed5d56c177596ee5ddd6032,ShiroDeploymentContributor.java
same,bfe4ce7e799a540a732ad0008e14620d48ee9a01,AclParserTest.java,bfe4ce7e799a540a732ad0008e14620d48ee9a01,AclParser.java
same,367e849f31e3194212c1131bc70dd1649c5da542,HiveDispatchDeploymentContributorTest.java,367e849f31e3194212c1131bc70dd1649c5da542,HiveDispatchDeploymentContributor.java
same,dd93ed27a0c6744a8fe5a57952847ad8bfb65bb0,HBaseDispatchDeploymentContributorTest.java,dd93ed27a0c6744a8fe5a57952847ad8bfb65bb0,HBaseDispatchDeploymentContributor.java
same,fc00415647d0ac1dcc4f0146425c192fd2caa7ab,GatewayRedirectServletTest.java,fc00415647d0ac1dcc4f0146425c192fd2caa7ab,GatewayRedirectServlet.java
same,db0e17886fe58b7a3aa5973630b2e9c737f60c8e,TokenTest.java,db0e17886fe58b7a3aa5973630b2e9c737f60c8e,Token.java
same,a970502aaea2ae5f97bf1e3834431f9856b7a36f,DecryptUriDescriptorTest.java,a970502aaea2ae5f97bf1e3834431f9856b7a36f,DecryptUriDescriptor.java
same,a970502aaea2ae5f97bf1e3834431f9856b7a36f,EncryptUriDescriptorTest.java,a970502aaea2ae5f97bf1e3834431f9856b7a36f,EncryptUriDescriptor.java
same,a970502aaea2ae5f97bf1e3834431f9856b7a36f,EncryptUriDeploymentContributorTest.java,a970502aaea2ae5f97bf1e3834431f9856b7a36f,EncryptUriDeploymentContributor.java
same,a970502aaea2ae5f97bf1e3834431f9856b7a36f,ResourceManagerDeploymentContributorTest.java,a970502aaea2ae5f97bf1e3834431f9856b7a36f,ResourceManagerDeploymentContributor.java
same,2adc917e486860cf0d009bd50786d5c5bb87c374,DefaultTopologyServiceTest.java,2adc917e486860cf0d009bd50786d5c5bb87c374,DefaultTopologyService.java
same,9aaeeed179cd9cd0a5ad378f7bf0d8b736fe814e,HaProviderDeploymentContributorTest.java,9aaeeed179cd9cd0a5ad378f7bf0d8b736fe814e,HaProviderDeploymentContributor.java
same,9aaeeed179cd9cd0a5ad378f7bf0d8b736fe814e,DefaultHaProviderTest.java,9aaeeed179cd9cd0a5ad378f7bf0d8b736fe814e,DefaultHaProvider.java
same,9aaeeed179cd9cd0a5ad378f7bf0d8b736fe814e,HaDescriptorFactoryTest.java,9aaeeed179cd9cd0a5ad378f7bf0d8b736fe814e,HaDescriptorFactory.java
same,9aaeeed179cd9cd0a5ad378f7bf0d8b736fe814e,HaDescriptorManagerTest.java,9aaeeed179cd9cd0a5ad378f7bf0d8b736fe814e,HaDescriptorManager.java
same,9aaeeed179cd9cd0a5ad378f7bf0d8b736fe814e,URLManagerTest.java,9aaeeed179cd9cd0a5ad378f7bf0d8b736fe814e,URLManager.java
same,9aaeeed179cd9cd0a5ad378f7bf0d8b736fe814e,NameNodeHaDispatchDeploymentContributorTest.java,9aaeeed179cd9cd0a5ad378f7bf0d8b736fe814e,NameNodeHaDispatchDeploymentContributor.java
same,9aaeeed179cd9cd0a5ad378f7bf0d8b736fe814e,WebHdfsHaHttpClientDispatchTest.java,9aaeeed179cd9cd0a5ad378f7bf0d8b736fe814e,WebHdfsHaHttpClientDispatch.java
after,768c12009a4b005f310968a8fe66b944bb9c566f,Log4jMessageLoggerFactoryTest.java,c8b3f3b16f60151f12ce0de8f8d3632e1434a60a,Log4jMessageLoggerFactory.java
after,768c12009a4b005f310968a8fe66b944bb9c566f,Sl4jMessageLoggerFactoryTest.java,e0e9916fccf77434a44b41ebe7d60a99c8f58cb3,Sl4jMessageLoggerFactory.java
same,8e5cacff32286ff533c5d71e00c350ab76150799,FrontendFunctionDescriptorTest.java,8e5cacff32286ff533c5d71e00c350ab76150799,FrontendFunctionDescriptor.java
same,8e5cacff32286ff533c5d71e00c350ab76150799,FrontendFunctionProcessorTest.java,8e5cacff32286ff533c5d71e00c350ab76150799,FrontendFunctionProcessor.java
same,0d9fa0dac0012ddd718f9d3e3910bdc60dc00878,ServiceDefinitionsLoaderTest.java,0d9fa0dac0012ddd718f9d3e3910bdc60dc00878,ServiceDefinitionsLoader.java
same,0d9fa0dac0012ddd718f9d3e3910bdc60dc00878,ServiceDefinitionTest.java,0d9fa0dac0012ddd718f9d3e3910bdc60dc00878,ServiceDefinition.java
same,0d9fa0dac0012ddd718f9d3e3910bdc60dc00878,VersionTest.java,0d9fa0dac0012ddd718f9d3e3910bdc60dc00878,Version.java
same,0d9fa0dac0012ddd718f9d3e3910bdc60dc00878,BeanConfigurationAdapterDescriptorTest.java,0d9fa0dac0012ddd718f9d3e3910bdc60dc00878,BeanConfigurationAdapterDescriptor.java
same,0d9fa0dac0012ddd718f9d3e3910bdc60dc00878,BeanConfigurationAdapterTest.java,0d9fa0dac0012ddd718f9d3e3910bdc60dc00878,BeanConfigurationAdapter.java
same,ce3ca3cedfd4390e3b95ce1c3ceded7e0bef4fc8,CommonIdentityAssertionFilterTest.java,ce3ca3cedfd4390e3b95ce1c3ceded7e0bef4fc8,CommonIdentityAssertionFilter.java
same,ce3ca3cedfd4390e3b95ce1c3ceded7e0bef4fc8,ConcatIdentityAsserterDeploymentContributorTest.java,ce3ca3cedfd4390e3b95ce1c3ceded7e0bef4fc8,ConcatIdentityAsserterDeploymentContributor.java
same,ce3ca3cedfd4390e3b95ce1c3ceded7e0bef4fc8,ConcatIdentityAssertionFilterTest.java,ce3ca3cedfd4390e3b95ce1c3ceded7e0bef4fc8,ConcatIdentityAssertionFilter.java
same,dd16033d34346c61b9666e614f5872f7c93a7b39,CompositeEnumerationTest.java,dd16033d34346c61b9666e614f5872f7c93a7b39,CompositeEnumeration.java
same,be727f18c967ce78f4e290a2cdf4614738a65046,JavaScriptFilterReaderTest.java,be727f18c967ce78f4e290a2cdf4614738a65046,JavaScriptFilterReader.java
same,b618ff3e350eb24a0626b5ae90e1c246ce5e325b,RegexIdentityAsserterDeploymentContributorTest.java,b618ff3e350eb24a0626b5ae90e1c246ce5e325b,RegexIdentityAsserterDeploymentContributor.java
same,b618ff3e350eb24a0626b5ae90e1c246ce5e325b,RegexIdentityAssertionFilterTest.java,b618ff3e350eb24a0626b5ae90e1c246ce5e325b,RegexIdentityAssertionFilter.java
same,b618ff3e350eb24a0626b5ae90e1c246ce5e325b,RegexTemplateTest.java,b618ff3e350eb24a0626b5ae90e1c246ce5e325b,RegexTemplate.java
same,0c1ff50fe9e1d82ab12be8d8246a416f02106e8e,DefaultHaDispatchTest.java,0c1ff50fe9e1d82ab12be8d8246a416f02106e8e,DefaultHaDispatch.java
same,31bb1e029f7a4d89e0f6bb2846e2464babbaa858,HS2ZookeeperURLManagerTest.java,31bb1e029f7a4d89e0f6bb2846e2464babbaa858,HS2ZookeeperURLManager.java
same,31bb1e029f7a4d89e0f6bb2846e2464babbaa858,URLManagerLoaderTest.java,31bb1e029f7a4d89e0f6bb2846e2464babbaa858,URLManagerLoader.java
same,f165a6d1901bb5023faba2d61eb5d256012b34eb,HttpUtilsTest.java,f165a6d1901bb5023faba2d61eb5d256012b34eb,HttpUtils.java
after,9c65733f0fb419e88b3ffc84714155555266952b,WebSSOResourceTest.java,79e707aa4a3ff39360232cfc40f2c04ddf49ace0,WebSSOResource.java
after,ffc4ef94f63f9b3fc407265a8b3b509446379360,OptionalTest.java,0d9fa0dac0012ddd718f9d3e3910bdc60dc00878,Optional.java
after,447b8fd7a328304c6660391ba8941d1d0e8f03d4,UrlsTest.java,c8b3f3b16f60151f12ce0de8f8d3632e1434a60a,Urls.java
same,82539e4024cdf3ed74f25d12705fc3b7a091efc2,AnonymousAuthDeploymentContributorTest.java,82539e4024cdf3ed74f25d12705fc3b7a091efc2,AnonymousAuthDeploymentContributor.java
after,a70a3b56cf54e1c1088d57bf7f4c1dbe06b291c4,TopologyValidatorTest.java,f4a8abf23bf95124a34e0c9596741898f6129068,TopologyValidator.java
after,a70a3b56cf54e1c1088d57bf7f4c1dbe06b291c4,TopologyMarshallerTest.java,02d9b39d77cf2256fe318980d0f5fee4b4b3e96e,TopologyMarshaller.java
same,61b4f8d2418e7b459aa74f57d074afbf1382c277,SwitchCaseIdentityAsserterDeploymentContributorTest.java,61b4f8d2418e7b459aa74f57d074afbf1382c277,SwitchCaseIdentityAsserterDeploymentContributor.java
same,61b4f8d2418e7b459aa74f57d074afbf1382c277,SwitchCaseIdentityAssertionFilterTest.java,61b4f8d2418e7b459aa74f57d074afbf1382c277,SwitchCaseIdentityAssertionFilter.java
same,69cbfa58705def7f80e0a31e05924505f8b2811e,XFrameOptionsFilterTest.java,69cbfa58705def7f80e0a31e05924505f8b2811e,XFrameOptionsFilter.java
after,2eb51e601ada268c178e746478dd7945ec26ec12,HBaseDispatchTest.java,016a47dc6b08192a4d762ad305313519dc2f31a5,HBaseDispatch.java
same,b37e4293d2abfb2db0b2a63a571ffe7d54866242,KnoxPamRealmTest.java,b37e4293d2abfb2db0b2a63a571ffe7d54866242,KnoxPamRealm.java
same,4fe30705b16ca54dc6a58a88fdd135a4dc59bc75,DefaultServiceDefinitionRegistryTest.java,4fe30705b16ca54dc6a58a88fdd135a4dc59bc75,DefaultServiceDefinitionRegistry.java
same,f345f889508306c739b15c49a462b3d1d838768a,DefaultMetricsServiceTest.java,f345f889508306c739b15c49a462b3d1d838768a,DefaultMetricsService.java
before,7c9b30aad4ec45c0d4434a24a1332129ceb9e29b,HtmlImportFunctionProcessorTest.java,47e89d000106ed505280662a1a2f53c589b24fa4,HtmlImportFunctionProcessor.java
same,653dbf6a15a9a077e21745abbc4e737970e4570e,WebSSOutResourceTest.java,653dbf6a15a9a077e21745abbc4e737970e4570e,WebSSOutResource.java
same,33307d5753b946952b5ef2cd5fc09f0a636f33a0,HadoopGroupProviderDeploymentContributorTest.java,33307d5753b946952b5ef2cd5fc09f0a636f33a0,HadoopGroupProviderDeploymentContributor.java
same,33307d5753b946952b5ef2cd5fc09f0a636f33a0,HadoopGroupProviderFilterTest.java,33307d5753b946952b5ef2cd5fc09f0a636f33a0,HadoopGroupProviderFilter.java
same,2bdc703945a3c0645f39dbb35f7165308a8cff80,DefaultValidatorTest.java,2bdc703945a3c0645f39dbb35f7165308a8cff80,DefaultValidator.java
after,2bdc703945a3c0645f39dbb35f7165308a8cff80,HeaderPreAuthFederationFilterTest.java,79feb9364755ebd4a67018fb48a100ca3333e54d,HeaderPreAuthFederationFilter.java
after,2bdc703945a3c0645f39dbb35f7165308a8cff80,IPValidatorTest.java,79feb9364755ebd4a67018fb48a100ca3333e54d,IPValidator.java
same,2bdc703945a3c0645f39dbb35f7165308a8cff80,PreAuthServiceTest.java,2bdc703945a3c0645f39dbb35f7165308a8cff80,PreAuthService.java
same,5ae580ed00cb4cff5691bf5d7ee8ce208b1a6d05,RMHaDispatchTest.java,5ae580ed00cb4cff5691bf5d7ee8ce208b1a6d05,RMHaDispatch.java
same,1c9020182aca0bfa255059fb9040463c7abe7984,CookieScopeResponseWrapperTest.java,1c9020182aca0bfa255059fb9040463c7abe7984,CookieScopeResponseWrapper.java
after,771a2fc0d4f1526eb5d72f62ef3f8fd6115f3269,AbstractJWTFilterTest.java,e90109f37f287d0705c0e772357b13665ea776b4,AbstractJWTFilter.java
after,771a2fc0d4f1526eb5d72f62ef3f8fd6115f3269,JWTFederationFilterTest.java,ba9dc3e5f55a54753b15108e2a64bc5ab67cd15f,JWTFederationFilter.java
same,e4768f1efce860099c6a1f8d366e2a58954c0314,InboundUrlFunctionDescriptorTest.java,e4768f1efce860099c6a1f8d366e2a58954c0314,InboundUrlFunctionDescriptor.java
same,e4768f1efce860099c6a1f8d366e2a58954c0314,InboundUrlFunctionProcessorTest.java,e4768f1efce860099c6a1f8d366e2a58954c0314,InboundUrlFunctionProcessor.java
same,b13c21a45a9983d6ba0339da6e18172aa102f45d,MetricsResourceTest.java,b13c21a45a9983d6ba0339da6e18172aa102f45d,MetricsResource.java
same,b13c21a45a9983d6ba0339da6e18172aa102f45d,PingResourceTest.java,b13c21a45a9983d6ba0339da6e18172aa102f45d,PingResource.java
same,037dc504d6435aa61d90b9fdb2f8926471cfe683,HtmlPrefixProcessorTest.java,037dc504d6435aa61d90b9fdb2f8926471cfe683,HtmlPrefixProcessor.java
same,c2ca443262a848ae0d56e03e92ecba32fbf149f2,AmbariServiceDiscoveryTest.java,c2ca443262a848ae0d56e03e92ecba32fbf149f2,AmbariServiceDiscovery.java
same,c2ca443262a848ae0d56e03e92ecba32fbf149f2,PropertiesFileServiceDiscoveryTest.java,c2ca443262a848ae0d56e03e92ecba32fbf149f2,PropertiesFileServiceDiscovery.java
same,c2ca443262a848ae0d56e03e92ecba32fbf149f2,ServiceDiscoveryFactoryTest.java,c2ca443262a848ae0d56e03e92ecba32fbf149f2,ServiceDiscoveryFactory.java
same,c2ca443262a848ae0d56e03e92ecba32fbf149f2,SimpleDescriptorFactoryTest.java,c2ca443262a848ae0d56e03e92ecba32fbf149f2,SimpleDescriptorFactory.java
same,c2ca443262a848ae0d56e03e92ecba32fbf149f2,SimpleDescriptorHandlerTest.java,c2ca443262a848ae0d56e03e92ecba32fbf149f2,SimpleDescriptorHandler.java
after,78ef4e50ba6f7522aa363d5d1df8f8d04320003e,DefaultTokenAuthorityServiceTest.java,21e6d1da388df03e2fd00880ebb258c251ddadbf,DefaultTokenAuthorityService.java
same,7b401def625630cbf1f9ee5f8993bbcb3269c222,AmbariDynamicServiceURLCreatorTest.java,7b401def625630cbf1f9ee5f8993bbcb3269c222,AmbariDynamicServiceURLCreator.java
same,2d236e78b70ef7fb312ebf0fa198657595e2f4ba,ProxyInboundClientTest.java,2d236e78b70ef7fb312ebf0fa198657595e2f4ba,ProxyInboundClient.java
same,a08aaf742a97a3c35c94e28406fc4b6ef3184005,HBaseZookeeperURLManagerTest.java,a08aaf742a97a3c35c94e28406fc4b6ef3184005,HBaseZookeeperURLManager.java
same,a08aaf742a97a3c35c94e28406fc4b6ef3184005,KafkaZookeeperURLManagerTest.java,a08aaf742a97a3c35c94e28406fc4b6ef3184005,KafkaZookeeperURLManager.java
same,a08aaf742a97a3c35c94e28406fc4b6ef3184005,SOLRZookeeperURLManagerTest.java,a08aaf742a97a3c35c94e28406fc4b6ef3184005,SOLRZookeeperURLManager.java
same,b60322a6e2ba97b9f989d1efbe5183bfbc009c56,StrictTranportFilterTest.java,b60322a6e2ba97b9f989d1efbe5183bfbc009c56,StrictTranportFilter.java
same,5af2413c4ea4593a081e4f5ad8ba6b2d3cf78e12,DefaultRemoteConfigurationRegistriesTest.java,5af2413c4ea4593a081e4f5ad8ba6b2d3cf78e12,DefaultRemoteConfigurationRegistries.java
same,5af2413c4ea4593a081e4f5ad8ba6b2d3cf78e12,RemoteConfigurationRegistryClientServiceTest.java,5af2413c4ea4593a081e4f5ad8ba6b2d3cf78e12,RemoteConfigurationRegistryClientService.java
same,5af2413c4ea4593a081e4f5ad8ba6b2d3cf78e12,RemoteConfigurationRegistryJAASConfigTest.java,5af2413c4ea4593a081e4f5ad8ba6b2d3cf78e12,RemoteConfigurationRegistryJAASConfig.java
same,5af2413c4ea4593a081e4f5ad8ba6b2d3cf78e12,RemoteConfigurationMonitorTest.java,5af2413c4ea4593a081e4f5ad8ba6b2d3cf78e12,RemoteConfigurationMonitor.java
same,a874f399e05835c359ded4ee2c7b822c7baa3231,AmbariConfigurationMonitorTest.java,a874f399e05835c359ded4ee2c7b822c7baa3231,AmbariConfigurationMonitor.java
after,7025086a8a0ab757cb24486b27515f8f5331bfa0,AmbariClusterTest.java,c2ca443262a848ae0d56e03e92ecba32fbf149f2,AmbariCluster.java
same,7025086a8a0ab757cb24486b27515f8f5331bfa0,ProviderConfigurationParserTest.java,7025086a8a0ab757cb24486b27515f8f5331bfa0,ProviderConfigurationParser.java
after,6212381ec38e1e7ad18a6ffb30656a8fe3c742fd,HadoopAuthCookieStoreTest.java,c59bfeb3a1467606568df6829c0edc6cdc801fb5,HadoopAuthCookieStore.java
after,5b3843a89d70c4f8e9b13227480bee1b4a90568b,PassAllHeadersNoEncodingDispatchTest.java,680e8a6e4faf6b65dcb81a61525faedb0e937f09,PassAllHeadersNoEncodingDispatch.java
same,2a8d86617e2b9109f6a366dd4f6bdc20fbd25050,XSSProtectionFilterTest.java,2a8d86617e2b9109f6a366dd4f6bdc20fbd25050,XSSProtectionFilter.java
same,a6d2f52409e1b9cf497d76cd799ad73f17579092,AtlasZookeeperURLManagerTest.java,a6d2f52409e1b9cf497d76cd799ad73f17579092,AtlasZookeeperURLManager.java
same,689d9bfd69de4afb544f76a97967ce0f4726a0dd,ResourceManagerURLCreatorTest.java,689d9bfd69de4afb544f76a97967ce0f4726a0dd,ResourceManagerURLCreator.java
same,689d9bfd69de4afb544f76a97967ce0f4726a0dd,YarnUIURLCreatorTest.java,689d9bfd69de4afb544f76a97967ce0f4726a0dd,YarnUIURLCreator.java
same,689d9bfd69de4afb544f76a97967ce0f4726a0dd,YarnUIV2URLCreatorTest.java,689d9bfd69de4afb544f76a97967ce0f4726a0dd,YarnUIV2URLCreator.java
same,20d018cedf2757bf21bec8f387daee73b0a43ffb,RemoteAliasServiceTest.java,20d018cedf2757bf21bec8f387daee73b0a43ffb,RemoteAliasService.java
after,5d2ed18d43c2f9c03dc894ea5ba247d7900907c4,WebHdfsUrlCreatorTest.java,348c4d7def61f6296a7cf192ed00e38a8e5c3714,WebHdfsUrlCreator.java
same,9d385e457d9bed289fca2730c9d2be6c3996c76a,HtmlInfixProcessorTest.java,9d385e457d9bed289fca2730c9d2be6c3996c76a,HtmlInfixProcessor.java
same,9d385e457d9bed289fca2730c9d2be6c3996c76a,HtmlPostfixProcessorTest.java,9d385e457d9bed289fca2730c9d2be6c3996c76a,HtmlPostfixProcessor.java
same,7953de69200ba1e9c2189bdd1b9a387831c79376,XContentTypeOptionsFilterTest.java,7953de69200ba1e9c2189bdd1b9a387831c79376,XContentTypeOptionsFilter.java
same,27c1c0f8d10e3a763fc7b676d5f9c4ed087fc870,URLDecodingDispatchTest.java,27c1c0f8d10e3a763fc7b676d5f9c4ed087fc870,URLDecodingDispatch.java
after,611569d120f6d5c43d04faeab111daf54a4ff892,UrlRewriteRequestTest.java,6ba3d344ec1640e160479e2b1d2b2630eb50bdc7,UrlRewriteRequest.java
after,c94d9b1e68570760c7990f15e9d7e3670ed233c1,GatewayDispatchFilterTest.java,0d9fa0dac0012ddd718f9d3e3910bdc60dc00878,GatewayDispatchFilter.java
same,c94d9b1e68570760c7990f15e9d7e3670ed233c1,WhitelistUtilsTest.java,c94d9b1e68570760c7990f15e9d7e3670ed233c1,WhitelistUtils.java
after,79493c2d8219c48c7a64c032d0b3e246a08f4426,HadoopAuthDeploymentContributorTest.java,e59366faf9e43fb79d4da44a7f4d0d10dcd7200a,HadoopAuthDeploymentContributor.java
same,c5061b843d29bfab5704a2b17915f657d2361292,ClientCertDeploymentContributorTest.java,c5061b843d29bfab5704a2b17915f657d2361292,ClientCertDeploymentContributor.java
after,fc1f085f30d9bdb9ba75d640c487e8bb1a8c0607,KnoxTokenCredentialCollectorTest.java,d6fda9c8d6b8d51f931dd715a4792c000820051f,KnoxTokenCredentialCollector.java
after,eb831f2b1e4174239c804da1c8cdb19caa47c092,KnoxSessionTest.java,381eef37a43054279b89344ab55086e5c5adb47f,KnoxSession.java
after,eb9b667a814997b9317f28fc92920092f0c26d8b,DefaultRemoteConfigurationMonitorTest.java,5af2413c4ea4593a081e4f5ad8ba6b2d3cf78e12,DefaultRemoteConfigurationMonitor.java
same,cd29c4b8171d2610cc46113efc68ed319b989a3a,ConfigurableDispatchTest.java,cd29c4b8171d2610cc46113efc68ed319b989a3a,ConfigurableDispatch.java
same,9cdf531fb3d7259e8d16d27bb2ed7cdf1de6e4df,PasswordUtilsTest.java,9cdf531fb3d7259e8d16d27bb2ed7cdf1de6e4df,PasswordUtils.java
after,1262230a1d4b96d098524fd301fc2bb062415137,JettySSLServiceTest.java,2684051d4c182781712a9e79b81c08a9112ec489,JettySSLService.java
same,08dea106dbef920258095a9fc30325a2ea50b810,TestHashicorpVaultAliasService.java,08dea106dbef920258095a9fc30325a2ea50b810,HashicorpVaultAliasService.java
after,c21793602344d213554926cba35f00c24c282491,DefaultKeystoreServiceTest.java,9adf65f80ad0299893b4ea31f5a38e854503d429,DefaultKeystoreService.java
after,d96128dfa3d8c8a656a94d97719fb28737fae925,DefaultHttpClientFactoryTest.java,c59bfeb3a1467606568df6829c0edc6cdc801fb5,DefaultHttpClientFactory.java
same,c918ed47711a8d48b133725d1cc256a9ee6c2c6a,AbstractGatewayServicesTest.java,c918ed47711a8d48b133725d1cc256a9ee6c2c6a,AbstractGatewayServices.java
after,5444a2ae2a5f7270f4639e513db7396f822eb81c,HadoopAuthFilterTest.java,e59366faf9e43fb79d4da44a7f4d0d10dcd7200a,HadoopAuthFilter.java
same,248f08c7537cf1e9b631b768f18a7dbb6b7e5cbd,ClouderaManagerServiceDiscoveryTest.java,248f08c7537cf1e9b631b768f18a7dbb6b7e5cbd,ClouderaManagerServiceDiscovery.java
after,2a127101a4a7ba3ae3f37039eb36403d5d46922e,AbstractRequestTest.java,9f1eafbe2c08b6c6432a0ff77cf2c06ed19a465a,AbstractRequest.java
after,2a127101a4a7ba3ae3f37039eb36403d5d46922e,GetTest.java,fe50e9b2f752db8893682d6707282d19d823425b,Get.java
after,e90beeaa4624129de936991284f3caa6f67ac652,RedirectToUrlFilterTest.java,32690d2049f42fad35078d22864b4348a2efa5ba,RedirectToUrlFilter.java
same,5d3acde92d6d82da15f32bf1289999b63f6d82dd,KnoxShellTableTest.java,5d3acde92d6d82da15f32bf1289999b63f6d82dd,KnoxShellTable.java
after,5c2c7a727d8e88e47ce1d14cb803c9a9f4473c29,KnoxShellTableFilterTest.java,8e7e9d93bceb09fb77fe0bb77fdf01ab5ef6dbf7,KnoxShellTableFilter.java
same,b5c6486db72030d269f75974bd282b3eec55549d,KnoxShellTableCallHistoryTest.java,b5c6486db72030d269f75974bd282b3eec55549d,KnoxShellTableCallHistory.java
same,db8cc2347070ce5956ad6e881224c285f825acb6,AliasBasedTokenStateServiceTest.java,db8cc2347070ce5956ad6e881224c285f825acb6,AliasBasedTokenStateService.java
same,db8cc2347070ce5956ad6e881224c285f825acb6,DefaultTokenStateServiceTest.java,db8cc2347070ce5956ad6e881224c285f825acb6,DefaultTokenStateService.java
same,9e55444e03b07d6b3f717f4ce09930b1314cfe93,ServiceDefinitionComparatorTest.java,9e55444e03b07d6b3f717f4ce09930b1314cfe93,ServiceDefinitionComparator.java
same,9e55444e03b07d6b3f717f4ce09930b1314cfe93,CollectionUtilsTest.java,9e55444e03b07d6b3f717f4ce09930b1314cfe93,CollectionUtils.java
after,53a106c27c1188895bdd66be61d5322a9fbf6751,KnoxShTest.java,b5bf07d7d8ebee2861054a516d21c32912cd7f82,KnoxSh.java
same,af68e28bc211fc819137587dd112e4d46b5148dc,StringUtilsTest.java,af68e28bc211fc819137587dd112e4d46b5148dc,StringUtils.java
after,3b495a1d5b659fc4e53fbc28933d4bab02d48ab9,AliasTest.java,0d9fa0dac0012ddd718f9d3e3910bdc60dc00878,Alias.java
after,6b1898f274b0e8e35b5322cd8900bf8737112d24,AbstractResponseTest.java,9f1eafbe2c08b6c6432a0ff77cf2c06ed19a465a,AbstractResponse.java
same,6b1898f274b0e8e35b5322cd8900bf8737112d24,AddAliasResponseTest.java,6b1898f274b0e8e35b5322cd8900bf8737112d24,AddAliasResponse.java
same,6b1898f274b0e8e35b5322cd8900bf8737112d24,ListAliasResponseTest.java,6b1898f274b0e8e35b5322cd8900bf8737112d24,ListAliasResponse.java
same,6b1898f274b0e8e35b5322cd8900bf8737112d24,RemoveAliasResponseTest.java,6b1898f274b0e8e35b5322cd8900bf8737112d24,RemoveAliasResponse.java
after,586207f780590eb112a0f6ca9050bfa91ba49577,AuthUtilsTest.java,9f3e1a3c354646c17b4d79dce3e5557889afe78c,AuthUtils.java
same,1071c1dbf8a7ee31d49e2dada17da20c2b14c316,AbstractURLCollectorTest.java,1071c1dbf8a7ee31d49e2dada17da20c2b14c316,AbstractURLCollector.java
same,1071c1dbf8a7ee31d49e2dada17da20c2b14c316,HueURLCollectorTest.java,1071c1dbf8a7ee31d49e2dada17da20c2b14c316,HueURLCollector.java
same,1b019617d408312ac33bf8f07f0ec862f7b33382,CookieUtilsTest.java,1b019617d408312ac33bf8f07f0ec862f7b33382,CookieUtils.java
same,56726b4f58b8ca96c7756f5b08eab52a28facc86,ClouderaManagerDescriptorParserTest.java,56726b4f58b8ca96c7756f5b08eab52a28facc86,ClouderaManagerDescriptorParser.java
after,ce2f1bbd84a3d50f0719dc344fb59150f72ac419,AbstractServiceModelGeneratorTest.java,248f08c7537cf1e9b631b768f18a7dbb6b7e5cbd,AbstractServiceModelGenerator.java
after,ce2f1bbd84a3d50f0719dc344fb59150f72ac419,AtlasAPIServiceModelGeneratorTest.java,248f08c7537cf1e9b631b768f18a7dbb6b7e5cbd,AtlasAPIServiceModelGenerator.java
after,ce2f1bbd84a3d50f0719dc344fb59150f72ac419,AtlasServiceModelGeneratorTest.java,248f08c7537cf1e9b631b768f18a7dbb6b7e5cbd,AtlasServiceModelGenerator.java
after,ce2f1bbd84a3d50f0719dc344fb59150f72ac419,HBaseUIServiceModelGeneratorTest.java,248f08c7537cf1e9b631b768f18a7dbb6b7e5cbd,HBaseUIServiceModelGenerator.java
after,ce2f1bbd84a3d50f0719dc344fb59150f72ac419,WebHBaseServiceModelGeneratorTest.java,248f08c7537cf1e9b631b768f18a7dbb6b7e5cbd,WebHBaseServiceModelGenerator.java
after,ce2f1bbd84a3d50f0719dc344fb59150f72ac419,HdfsUIServiceModelGeneratorTest.java,248f08c7537cf1e9b631b768f18a7dbb6b7e5cbd,HdfsUIServiceModelGenerator.java
after,ce2f1bbd84a3d50f0719dc344fb59150f72ac419,NameNodeServiceModelGeneratorTest.java,248f08c7537cf1e9b631b768f18a7dbb6b7e5cbd,NameNodeServiceModelGenerator.java
after,ce2f1bbd84a3d50f0719dc344fb59150f72ac419,WebHdfsServiceModelGeneratorTest.java,248f08c7537cf1e9b631b768f18a7dbb6b7e5cbd,WebHdfsServiceModelGenerator.java
after,ce2f1bbd84a3d50f0719dc344fb59150f72ac419,HiveOnTezServiceModelGeneratorTest.java,359f220d0ece4b79fadb53bdd378bdd5d3908224,HiveOnTezServiceModelGenerator.java
after,ce2f1bbd84a3d50f0719dc344fb59150f72ac419,HiveServiceModelGeneratorTest.java,248f08c7537cf1e9b631b768f18a7dbb6b7e5cbd,HiveServiceModelGenerator.java
after,ce2f1bbd84a3d50f0719dc344fb59150f72ac419,HueLBServiceModelGeneratorTest.java,248f08c7537cf1e9b631b768f18a7dbb6b7e5cbd,HueLBServiceModelGenerator.java
after,ce2f1bbd84a3d50f0719dc344fb59150f72ac419,HueServiceModelGeneratorTest.java,248f08c7537cf1e9b631b768f18a7dbb6b7e5cbd,HueServiceModelGenerator.java
after,ce2f1bbd84a3d50f0719dc344fb59150f72ac419,ImpalaServiceModelGeneratorTest.java,3b28f4f5e89c865d948198d1f3df77bae81d18df,ImpalaServiceModelGenerator.java
after,ce2f1bbd84a3d50f0719dc344fb59150f72ac419,ImpalaUIServiceModelGeneratorTest.java,3b28f4f5e89c865d948198d1f3df77bae81d18df,ImpalaUIServiceModelGenerator.java
after,ce2f1bbd84a3d50f0719dc344fb59150f72ac419,KuduUIServiceModelGeneratorTest.java,6aab5dec949d0f053c822e9c51a7faf167d60cfd,KuduUIServiceModelGenerator.java
after,ce2f1bbd84a3d50f0719dc344fb59150f72ac419,LivyServiceModelGeneratorTest.java,248f08c7537cf1e9b631b768f18a7dbb6b7e5cbd,LivyServiceModelGenerator.java
after,ce2f1bbd84a3d50f0719dc344fb59150f72ac419,NifiRegistryServiceModelGeneratorTest.java,b94872cf1cf18ca906c31d0e58d051726c2b2a8b,NifiRegistryServiceModelGenerator.java
after,ce2f1bbd84a3d50f0719dc344fb59150f72ac419,NifiServiceModelGeneratorTest.java,b94872cf1cf18ca906c31d0e58d051726c2b2a8b,NifiServiceModelGenerator.java
after,ce2f1bbd84a3d50f0719dc344fb59150f72ac419,OozieServiceModelGeneratorTest.java,248f08c7537cf1e9b631b768f18a7dbb6b7e5cbd,OozieServiceModelGenerator.java
after,ce2f1bbd84a3d50f0719dc344fb59150f72ac419,OozieUIServiceModelGeneratorTest.java,248f08c7537cf1e9b631b768f18a7dbb6b7e5cbd,OozieUIServiceModelGenerator.java
after,ce2f1bbd84a3d50f0719dc344fb59150f72ac419,PhoenixServiceModelGeneratorTest.java,854017d8a7f29fc7e85bd1e3c020b41752e793c1,PhoenixServiceModelGenerator.java
after,ce2f1bbd84a3d50f0719dc344fb59150f72ac419,RangerServiceModelGeneratorTest.java,248f08c7537cf1e9b631b768f18a7dbb6b7e5cbd,RangerServiceModelGenerator.java
after,ce2f1bbd84a3d50f0719dc344fb59150f72ac419,RangerUIServiceModelGeneratorTest.java,248f08c7537cf1e9b631b768f18a7dbb6b7e5cbd,RangerUIServiceModelGenerator.java
after,ce2f1bbd84a3d50f0719dc344fb59150f72ac419,SolrServiceModelGeneratorTest.java,248f08c7537cf1e9b631b768f18a7dbb6b7e5cbd,SolrServiceModelGenerator.java
after,ce2f1bbd84a3d50f0719dc344fb59150f72ac419,SparkHistoryUIServiceModelGeneratorTest.java,248f08c7537cf1e9b631b768f18a7dbb6b7e5cbd,SparkHistoryUIServiceModelGenerator.java
after,ce2f1bbd84a3d50f0719dc344fb59150f72ac419,ZeppelinServiceModelGeneratorTest.java,b10a852e9035048f67306f288d7efce935961775,ZeppelinServiceModelGenerator.java
after,ce2f1bbd84a3d50f0719dc344fb59150f72ac419,ZeppelinUIServiceModelGeneratorTest.java,248f08c7537cf1e9b631b768f18a7dbb6b7e5cbd,ZeppelinUIServiceModelGenerator.java
after,ce2f1bbd84a3d50f0719dc344fb59150f72ac419,ZeppelinWSServiceModelGeneratorTest.java,248f08c7537cf1e9b631b768f18a7dbb6b7e5cbd,ZeppelinWSServiceModelGenerator.java
same,ce2f1bbd84a3d50f0719dc344fb59150f72ac419,AbstractConfigurationStoreTest.java,ce2f1bbd84a3d50f0719dc344fb59150f72ac419,AbstractConfigurationStore.java
same,ce2f1bbd84a3d50f0719dc344fb59150f72ac419,ClusterConfigurationFileStoreTest.java,ce2f1bbd84a3d50f0719dc344fb59150f72ac419,ClusterConfigurationFileStore.java
same,ce2f1bbd84a3d50f0719dc344fb59150f72ac419,DiscoveryConfigurationFileStoreTest.java,ce2f1bbd84a3d50f0719dc344fb59150f72ac419,DiscoveryConfigurationFileStore.java
same,ce2f1bbd84a3d50f0719dc344fb59150f72ac419,PollingConfigurationAnalyzerTest.java,ce2f1bbd84a3d50f0719dc344fb59150f72ac419,PollingConfigurationAnalyzer.java
same,ce2f1bbd84a3d50f0719dc344fb59150f72ac419,ServiceConfigurationModelTest.java,ce2f1bbd84a3d50f0719dc344fb59150f72ac419,ServiceConfigurationModel.java
same,03fab89e40c7fea425ca6153546813a008ced630,Spark3HistoryUIServiceModelGeneratorTest.java,03fab89e40c7fea425ca6153546813a008ced630,Spark3HistoryUIServiceModelGenerator.java
after,998e720776d4b36f0440876664e84a712b8a5933,ServiceModelTest.java,248f08c7537cf1e9b631b768f18a7dbb6b7e5cbd,ServiceModel.java
after,3d17ede66d29ccf41e95c469e56c696f99262df5,TopologyTest.java,f31e46f5c25b882f3904648907ba1c94dcab794c,Topology.java
same,7c1900dccc403876f703b62d21931d85c4e533bf,FlinkServiceModelGeneratorTest.java,7c1900dccc403876f703b62d21931d85c4e533bf,FlinkServiceModelGenerator.java
same,d1852e3af0fb0513a8ecaff00fad3967bcccde55,FileTokenStateJournalTest.java,d1852e3af0fb0513a8ecaff00fad3967bcccde55,FileTokenStateJournal.java
same,d1852e3af0fb0513a8ecaff00fad3967bcccde55,MultiFileTokenStateJournalTest.java,d1852e3af0fb0513a8ecaff00fad3967bcccde55,MultiFileTokenStateJournal.java
same,fe0d0e7f65998f854f8892229a8f0e4b9b05fe47,AzureADClientConfigurationDecoratorTest.java,fe0d0e7f65998f854f8892229a8f0e4b9b05fe47,AzureADClientConfigurationDecorator.java
same,fe0d0e7f65998f854f8892229a8f0e4b9b05fe47,Pac4jClientConfigurationDecoratorTest.java,fe0d0e7f65998f854f8892229a8f0e4b9b05fe47,Pac4jClientConfigurationDecorator.java
same,fe0d0e7f65998f854f8892229a8f0e4b9b05fe47,SAML2ClientConfigurationDecoratorTest.java,fe0d0e7f65998f854f8892229a8f0e4b9b05fe47,SAML2ClientConfigurationDecorator.java
same,71f676bf895d97ea6d95b82addd22b8598fdee9b,JournalBasedTokenStateServiceTest.java,71f676bf895d97ea6d95b82addd22b8598fdee9b,JournalBasedTokenStateService.java
after,ae5c586de678712dfa575121f6811ac7759c0514,TestService.java,9adf65f80ad0299893b4ea31f5a38e854503d429,Service.java
same,ae5c586de678712dfa575121f6811ac7759c0514,AliasServiceFactoryTest.java,ae5c586de678712dfa575121f6811ac7759c0514,AliasServiceFactory.java
same,ae5c586de678712dfa575121f6811ac7759c0514,ClusterConfigurationMonitorServiceFactoryTest.java,ae5c586de678712dfa575121f6811ac7759c0514,ClusterConfigurationMonitorServiceFactory.java
same,ae5c586de678712dfa575121f6811ac7759c0514,CryptoServiceFactoryTest.java,ae5c586de678712dfa575121f6811ac7759c0514,CryptoServiceFactory.java
same,ae5c586de678712dfa575121f6811ac7759c0514,HostMappingServiceFactoryTest.java,ae5c586de678712dfa575121f6811ac7759c0514,HostMappingServiceFactory.java
same,ae5c586de678712dfa575121f6811ac7759c0514,KeystoreServiceFactoryTest.java,ae5c586de678712dfa575121f6811ac7759c0514,KeystoreServiceFactory.java
same,ae5c586de678712dfa575121f6811ac7759c0514,MasterServiceFactoryTest.java,ae5c586de678712dfa575121f6811ac7759c0514,MasterServiceFactory.java
same,ae5c586de678712dfa575121f6811ac7759c0514,MetricsServiceFactoryTest.java,ae5c586de678712dfa575121f6811ac7759c0514,MetricsServiceFactory.java
same,ae5c586de678712dfa575121f6811ac7759c0514,ServerInfoServiceFactoryTest.java,ae5c586de678712dfa575121f6811ac7759c0514,ServerInfoServiceFactory.java
same,ae5c586de678712dfa575121f6811ac7759c0514,ServiceDefinitionRegistryFactoryTest.java,ae5c586de678712dfa575121f6811ac7759c0514,ServiceDefinitionRegistryFactory.java
same,ae5c586de678712dfa575121f6811ac7759c0514,ServiceFactoryTest.java,ae5c586de678712dfa575121f6811ac7759c0514,ServiceFactory.java
same,ae5c586de678712dfa575121f6811ac7759c0514,SslServiceFactoryTest.java,ae5c586de678712dfa575121f6811ac7759c0514,SslServiceFactory.java
same,ae5c586de678712dfa575121f6811ac7759c0514,TokenServiceFactoryTest.java,ae5c586de678712dfa575121f6811ac7759c0514,TokenServiceFactory.java
same,ae5c586de678712dfa575121f6811ac7759c0514,TokenStateServiceFactoryTest.java,ae5c586de678712dfa575121f6811ac7759c0514,TokenStateServiceFactory.java
same,ae5c586de678712dfa575121f6811ac7759c0514,TopologyServiceFactoryTest.java,ae5c586de678712dfa575121f6811ac7759c0514,TopologyServiceFactory.java
same,e28442e277a871a89077f16caaf4dbc486dd30a0,ZookeeperTokenStateServiceTest.java,e28442e277a871a89077f16caaf4dbc486dd30a0,ZookeeperTokenStateService.java
after,85d82366bf489851a7e5e5e1c294d96f817ac98f,ClouderaManagerClusterTest.java,248f08c7537cf1e9b631b768f18a7dbb6b7e5cbd,ClouderaManagerCluster.java
after,2eb336426eddae345060bf0b697f6971c685c497,TestJWTFederationFilter.java,ba9dc3e5f55a54753b15108e2a64bc5ab67cd15f,JWTFederationFilter.java
after,ac80f0a712f38fc8f41b52816ce73db8507e7249,TokensTest.java,2127c3a14bcc1344e3dcc4142941e8964abd2b74,Tokens.java
same,b523cec5986a9c9b6700e34a3363178e58bfa3c8,JWKSResourceTest.java,b523cec5986a9c9b6700e34a3363178e58bfa3c8,JWKSResource.java
same,56107628e8d725b86500ddab8037363ea0ae9360,HomePageProfileTest.java,56107628e8d725b86500ddab8037363ea0ae9360,HomePageProfile.java
same,b07dbee0b9bccf877d351d6e596554fb76e894ca,JDBCTokenStateServiceTest.java,b07dbee0b9bccf877d351d6e596554fb76e894ca,JDBCTokenStateService.java
after,b07dbee0b9bccf877d351d6e596554fb76e894ca,JDBCUtilsTest.java,7e9a79dd85de235841ada1e7bee986d9a8c9631a,JDBCUtils.java
same,64f469bec7f67f3f63b78e8abc6cce1dbd9fdeac,SignatureVerificationCacheTest.java,64f469bec7f67f3f63b78e8abc6cce1dbd9fdeac,SignatureVerificationCache.java
same,53849ac45757a8b915dec3ff912a5e7e7665f18a,TokenMACTest.java,53849ac45757a8b915dec3ff912a5e7e7665f18a,TokenMAC.java
after,eecf3cad2626d0aaaa44f383e25f7a5fc931d9fc,ConfigurableHADispatchTest.java,836063568cee538b28e70565f0e10100340fc0bc,ConfigurableHADispatch.java
after,2c45bbd37a80a7c7030c5c0c52017171a93a4d73,KnoxSessionStoreTest.java,447b8fd7a328304c6660391ba8941d1d0e8f03d4,KnoxSessionStore.java
same,a29223a58c96947bfa8e4d61bc0f9d558198bfe1,ClouderaManagerServiceDiscoveryRepositoryTest.java,a29223a58c96947bfa8e4d61bc0f9d558198bfe1,ClouderaManagerServiceDiscoveryRepository.java
same,ed91811f811ef15c25bc8d5c8ea75facd4490026,VirtualGroupMapperTest.java,ed91811f811ef15c25bc8d5c8ea75facd4490026,VirtualGroupMapper.java
after,ed91811f811ef15c25bc8d5c8ea75facd4490026,InterpreterTest.java,874d6fedf1f73ec2e1f0e04d21999bf0311fba53,Interpreter.java
same,cbae31d384f2343f9af4f1851f2fae60c82b8e56,NoImpersonationFilterTest.java,cbae31d384f2343f9af4f1851f2fae60c82b8e56,NoImpersonationFilter.java
after,93bceed9c33d8e63cb48bdac86d9bc98fca44f90,AbstractIdentityAsserterDeploymentContributorTest.java,ce3ca3cedfd4390e3b95ce1c3ceded7e0bef4fc8,AbstractIdentityAsserterDeploymentContributor.java
same,82cd96d99398cc9aad86596fb65240ccd0244498,ConcurrentSessionVerifierTest.java,82cd96d99398cc9aad86596fb65240ccd0244498,ConcurrentSessionVerifier.java
same,78a058900f17078ea3278cc41bf8cc9540ed4415,InMemoryConcurrentSessionVerifierTest.java,78a058900f17078ea3278cc41bf8cc9540ed4415,InMemoryConcurrentSessionVerifier.java
after,66012400d4bf1e850e80d17709b8ab6a07f91a07,ConcurrentSessionVerifierFactoryTest.java,78a058900f17078ea3278cc41bf8cc9540ed4415,ConcurrentSessionVerifierFactory.java
same,d63507868b1ebef8b1337650a0346250647d47f6,PreAuthResourceTest.java,d63507868b1ebef8b1337650a0346250647d47f6,PreAuthResource.java
same,b7f9f2149333460f4e870ccc1ed23717d4ef0ad5,AuthBearerResourceTest.java,b7f9f2149333460f4e870ccc1ed23717d4ef0ad5,AuthBearerResource.java
same,070ccf3cc62761c33b41dfee7679f22e58357a46,ConnectionInfoTest.java,070ccf3cc62761c33b41dfee7679f22e58357a46,ConnectionInfo.java
after,070ccf3cc62761c33b41dfee7679f22e58357a46,GatewayWebsocketHandlerTest.java,c6caebd4be9b6f1d3882d4e5938007fbaad55678,GatewayWebsocketHandler.java
same,070ccf3cc62761c33b41dfee7679f22e58357a46,JWTValidatorTest.java,070ccf3cc62761c33b41dfee7679f22e58357a46,JWTValidator.java
after,258c4e45c11b16dc49be039134a61ba743aa2095,WebAppSecContributorTest.java,9901058dc9dbf95b1e98311273f94eb623ecc8fe,WebAppSecContributor.java
same,6d3f960b54fee520b2311f614a073cc8c2592403,DbRemoteConfigurationMonitorServiceTest.java,6d3f960b54fee520b2311f614a073cc8c2592403,DbRemoteConfigurationMonitorService.java
same,6d3f960b54fee520b2311f614a073cc8c2592403,LocalDirectoryTest.java,6d3f960b54fee520b2311f614a073cc8c2592403,LocalDirectory.java
same,6d3f960b54fee520b2311f614a073cc8c2592403,RemoteConfigDatabaseTest.java,6d3f960b54fee520b2311f614a073cc8c2592403,RemoteConfigDatabase.java
same,1cc8cc6700d3012ee7e937c9c14463dbcdc7993d,OzoneServiceModelGeneratorTest.java,1cc8cc6700d3012ee7e937c9c14463dbcdc7993d,OzoneServiceModelGenerator.java
same,1cc8cc6700d3012ee7e937c9c14463dbcdc7993d,ReconServiceModelGeneratorTest.java,1cc8cc6700d3012ee7e937c9c14463dbcdc7993d,ReconServiceModelGenerator.java
same,1cc8cc6700d3012ee7e937c9c14463dbcdc7993d,SCMServiceModelGeneratorTest.java,1cc8cc6700d3012ee7e937c9c14463dbcdc7993d,SCMServiceModelGenerator.java
same,58328b6bddd9c39abf790a36d8ea5cb343cb1754,UrlEncodedFormRequestTest.java,58328b6bddd9c39abf790a36d8ea5cb343cb1754,UrlEncodedFormRequest.java
same,6b5de546edbf375046f465f2da836f90514d44b9,OzoneHttpfsServiceModelGeneratorTest.java,6b5de546edbf375046f465f2da836f90514d44b9,OzoneHttpfsServiceModelGenerator.java
same,3f3a65baddb58e4ad5d6bb0c0aa1d039fba688b5,GatewayStatusServiceTest.java,3f3a65baddb58e4ad5d6bb0c0aa1d039fba688b5,GatewayStatusService.java
same,8e55969f3f85ac99925842744c143f7e916f784d,ExtAuthzResourceTest.java,8e55969f3f85ac99925842744c143f7e916f784d,ExtAuthzResource.java
